" 1: managers, directors and senior officials (SOC2010)", 2: professional occupations (SOC2010), 3: associate prof & tech occupations (SOC2010), 4: administrative and secretarial occupations (SOC2010), 5: skilled trades occupations (SOC2010)," 6: caring, leisure and other service occupations (SOC2010)", 7: sales and customer service occupations (SOC2010)," 8: process, plant and machine operatives (SOC2010)", 9: elementary occupations (SOC2010),year,Borough,gender
3300,3500,4400,1700,5900,1000,2200,6300,6500,2004,Barking and Dagenham,male
13700,20200,17500,5300,8000,1700,6300,5200,5500,2004,Barnet,male
6200,8600,10200,4800,12000,1800,2200,7300,4000,2004,Bexley,male
8800,14200,6700,7700,10200,1000,4600,4800,8500,2004,Brent,male
13800,20500,12200,6000,13700,2300,1300,4100,3600,2004,Bromley,male
9100,16100,13900,2800,4800,1600,2300,1400,3800,2004,Camden,male
13300,17000,17700,7600,12100,1100,3900,5900,10100,2004,Croydon,male
11900,18900,17200,6300,12600,2000,6300,4300,8400,2004,Ealing,male
15700,10600,9900,3500,11800,1300,3100,8300,7400,2004,Enfield,male
4300,13700,9000,3600,8900,1900,2000,7100,6000,2004,Greenwich,male
4000,10200,8200,2700,6900,1600,2400,4500,8300,2004,Hackney,male
6400,13400,11700,1600,4700,1400,1900,2100,3400,2004,Hammersmith and Fulham,male
5300,12800,9700,2000,4300,1500,3800,4700,5100,2004,Haringey,male
7700,14500,8200,4500,8500,!,4200,4000,3700,2004,Harrow,male
8400,8200,8800,4300,10400,1900,2500,7000,6800,2004,Havering,male
9300,11700,11000,4500,12600,1000,3100,7400,7100,2004,Hillingdon,male
7200,13200,7300,2800,9300,1800,2900,6400,6300,2004,Hounslow,male
5800,13100,8700,2400,5200,800,2500,3400,4600,2004,Islington,male
12000,8500,13900,2900,2900,800,1400,1600,2000,2004,Kensington and Chelsea,male
6900,11900,8400,3100,6100,!,1300,1800,2700,2004,Kingston upon Thames,male
9300,21000,12900,5300,11200,1800,3100,4600,7300,2004,Lambeth,male
6600,11800,14200,3700,10400,1800,3300,4800,8900,2004,Lewisham,male
6500,15500,7400,4600,8500,1300,3200,3100,6800,2004,Merton,male
6100,5800,7400,3800,10700,1500,6600,9300,7700,2004,Newham,male
7800,11200,10600,5600,12800,1400,4300,6900,5800,2004,Redbridge,male
9100,16400,12800,2400,3800,#,1500,900,1100,2004,Richmond upon Thames,male
8600,15400,13200,5700,7700,3100,2600,4300,5800,2004,Southwark,male
6100,9100,9400,3500,9100,!,2200,4100,3000,2004,Sutton,male
4500,10100,6400,3100,6800,1000,5300,2900,7700,2004,Tower Hamlets,male
5900,6800,10000,4300,8800,1600,2200,4400,7800,2004,Waltham Forest,male
15500,20000,22700,5100,6100,1900,5800,3600,4200,2004,Wandsworth,male
11200,16000,13500,3200,4600,2600,2500,600,6400,2004,Westminster,male
2600,3100,3500,2800,7200,1600,1900,5900,6300,2005,Barking and Dagenham,male
15700,18800,17900,7200,8600,1400,6900,3900,1700,2005,Barnet,male
8000,10200,8800,2900,15100,1100,2900,4300,2700,2005,Bexley,male
9200,14300,11700,5600,9800,1600,3600,4000,9300,2005,Brent,male
13500,18000,15800,6400,13800,2000,900,2900,5600,2005,Bromley,male
6600,18300,13600,3200,3000,2300,3200,2500,2800,2005,Camden,male
10100,13200,15700,7400,15000,2300,5300,8500,8600,2005,Croydon,male
12200,16200,13200,4600,11500,2400,7200,7300,6000,2005,Ealing,male
9900,15000,8400,5300,11700,1100,3300,9600,5000,2005,Enfield,male
5900,11000,8000,3600,10600,1000,2100,7700,6800,2005,Greenwich,male
2800,8600,9300,2600,6500,2100,2000,4200,4900,2005,Hackney,male
7800,12100,12100,2600,4300,800,1000,2100,3600,2005,Hammersmith and Fulham,male
7500,12700,10500,3000,8900,1500,3700,4900,6700,2005,Haringey,male
8000,12200,10200,5400,7100,1600,3200,4400,5800,2005,Harrow,male
7100,6500,9400,5000,11000,!,3500,8600,6700,2005,Havering,male
8000,13400,9300,3500,9000,1800,4600,8600,5100,2005,Hillingdon,male
5700,11600,11400,4300,9400,1800,5300,4900,7600,2005,Hounslow,male
6000,11700,8100,2500,3900,1000,3700,2900,4800,2005,Islington,male
8900,12500,14100,2800,2900,2100,1100,1700,2100,2005,Kensington and Chelsea,male
4900,13000,7700,3100,4600,!,2300,1800,3300,2005,Kingston upon Thames,male
6900,19300,16300,2800,7600,2400,1500,4500,7200,2005,Lambeth,male
8400,11900,13900,5200,6700,3700,4000,5300,10700,2005,Lewisham,male
7700,14400,11000,2500,6200,1800,2300,3000,3100,2005,Merton,male
4000,6500,12500,4700,8700,2800,6900,4700,6900,2005,Newham,male
7700,18000,10000,3000,7600,1200,3500,5600,4100,2005,Redbridge,male
9700,14200,14900,2200,4700,1500,1600,1100,1000,2005,Richmond upon Thames,male
8000,17300,14400,3400,9800,1900,2200,4800,6900,2005,Southwark,male
6800,9900,8000,4800,6800,700,4200,5400,5000,2005,Sutton,male
4100,11700,11200,2700,7900,1100,2900,4600,7400,2005,Tower Hamlets,male
4700,10000,10300,4900,11000,1900,2200,4100,7800,2005,Waltham Forest,male
12000,23000,17100,7600,4000,1900,3300,4500,3600,2005,Wandsworth,male
12000,16300,13000,3000,4700,1900,2400,1900,2700,2005,Westminster,male
2200,2400,3900,4000,6200,1900,3000,7000,5900,2006,Barking and Dagenham,male
12500,20000,12100,7800,13700,1300,5500,4300,5600,2006,Barnet,male
5500,9900,11400,4800,10500,1400,3300,5800,4000,2006,Bexley,male
9300,14400,11400,3800,11800,2000,3900,5200,8200,2006,Brent,male
13100,19600,18700,5700,11700,1700,!,4400,5400,2006,Bromley,male
6900,17000,13600,3900,4300,2700,4500,!,2300,2006,Camden,male
11200,11300,14500,6600,15800,3400,5900,8900,10500,2006,Croydon,male
10700,19200,13100,7000,11400,3000,6600,4300,7700,2006,Ealing,male
12700,14500,8000,7700,10500,3000,4400,3600,8400,2006,Enfield,male
7600,13800,8500,2900,8000,1000,1900,5300,7700,2006,Greenwich,male
5100,12100,8400,4100,6700,1400,3400,3600,6300,2006,Hackney,male
8900,12800,9100,2700,3500,1400,2600,1500,3600,2006,Hammersmith and Fulham,male
6700,11900,13900,2700,10500,!,4000,4900,6700,2006,Haringey,male
10900,13100,8600,2800,8800,3200,3900,4300,4200,2006,Harrow,male
7100,5700,7100,6800,12400,1500,4500,8700,3400,2006,Havering,male
7000,12300,10700,2700,9400,1000,4600,7500,6800,2006,Hillingdon,male
7700,11300,12500,4200,8000,1800,4100,5600,7200,2006,Hounslow,male
5300,14800,9000,2300,5600,1400,2800,2500,4200,2006,Islington,male
10400,9200,14700,1700,4200,1200,600,1200,3100,2006,Kensington and Chelsea,male
5900,12800,8300,3500,5800,1100,2600,1500,2000,2006,Kingston upon Thames,male
10900,18200,15000,4400,10000,3400,5500,2000,7400,2006,Lambeth,male
9600,10900,8700,5400,7800,3900,5000,4900,10300,2006,Lewisham,male
3600,15500,12100,2600,6300,1600,3700,3600,4100,2006,Merton,male
4300,7700,8600,5100,11700,2700,5200,5900,13300,2006,Newham,male
11700,13500,8600,5200,12600,1600,3200,2700,3900,2006,Redbridge,male
9500,15200,12000,1900,6200,1800,1600,1500,1500,2006,Richmond upon Thames,male
7700,13200,14600,5400,8000,3400,2500,4800,12100,2006,Southwark,male
6500,8600,9400,4500,7000,1600,3100,4000,6300,2006,Sutton,male
4900,8600,9700,4000,5900,2200,3600,3900,7500,2006,Tower Hamlets,male
6900,11400,7800,4300,7900,1100,3900,5400,6800,2006,Waltham Forest,male
12500,27900,17600,2200,6700,2600,2800,2600,4500,2006,Wandsworth,male
9700,17200,12500,2600,3500,1800,3100,2000,5500,2006,Westminster,male
4500,2600,3000,2000,8900,2200,3100,6800,7500,2007,Barking and Dagenham,male
14200,25300,14200,3700,12200,900,4700,3800,5600,2007,Barnet,male
6800,7800,8300,5100,12800,1000,3300,5900,5900,2007,Bexley,male
10100,13300,15200,3300,14000,2100,5200,8000,4900,2007,Brent,male
11300,18500,19300,4700,12500,!,3300,4400,7900,2007,Bromley,male
6800,14900,14500,2600,4200,1700,3400,3800,4200,2007,Camden,male
10700,10200,13200,7100,18600,3500,6200,8300,10500,2007,Croydon,male
12700,18600,9700,6000,12800,2700,7700,5500,8600,2007,Ealing,male
11200,11600,10300,4600,14100,3500,2900,6900,6900,2007,Enfield,male
8000,13800,8500,4000,5800,1700,3900,5100,8800,2007,Greenwich,male
6500,10800,9900,2300,6200,2200,3400,4200,6000,2007,Hackney,male
7100,11700,14900,1900,3800,!,3700,2200,3900,2007,Hammersmith and Fulham,male
4700,13800,12500,4400,9600,1800,2500,3300,4400,2007,Haringey,male
12500,11900,7800,5300,10700,2100,4300,2400,5500,2007,Harrow,male
6800,8700,8600,3700,12900,1500,3400,9800,5700,2007,Havering,male
8300,9300,12900,2000,10200,2400,3300,6600,7800,2007,Hillingdon,male
7500,12700,15600,2000,8300,!,3900,7900,6500,2007,Hounslow,male
6800,13600,9900,2300,6700,1300,700,1400,4500,2007,Islington,male
10800,8200,13700,2000,4500,800,800,1100,3300,2007,Kensington and Chelsea,male
6000,14000,10400,2000,4100,!,1200,1900,3700,2007,Kingston upon Thames,male
9000,19300,17900,3600,10100,1900,6800,2300,8100,2007,Lambeth,male
7900,14500,10500,4800,8000,2100,3900,3300,8200,2007,Lewisham,male
6900,13500,11500,4200,7300,2100,3800,4500,3800,2007,Merton,male
4700,9400,10200,5100,9900,3200,5700,10100,8200,2007,Newham,male
7700,18400,12300,3400,11800,!,4000,2900,5900,2007,Redbridge,male
12800,14300,11000,2600,5200,3300,1700,1500,1000,2007,Richmond upon Thames,male
8700,17300,15300,6300,7400,2900,3300,3500,9800,2007,Southwark,male
4800,8600,8800,3400,7900,1500,3100,5000,5100,2007,Sutton,male
6200,12400,11000,4800,6200,1800,2600,4600,8700,2007,Tower Hamlets,male
8900,11700,6600,3200,11700,1000,7300,2100,7600,2007,Waltham Forest,male
14100,24200,23900,1800,5800,1800,2400,3700,5000,2007,Wandsworth,male
12700,15600,15400,2300,3500,1200,1900,2500,6900,2007,Westminster,male
3200,4500,3000,3500,8100,2100,2200,5400,6100,2008,Barking and Dagenham,male
12900,24900,16800,2600,9900,1500,4100,4300,6600,2008,Barnet,male
6000,8700,10200,4400,12400,900,1700,5500,4400,2008,Bexley,male
11300,11400,10700,6400,14100,2200,5300,7400,12500,2008,Brent,male
13800,14200,18900,4200,14500,2400,4900,3200,5000,2008,Bromley,male
7200,15800,16900,3200,3600,2000,2000,2300,4700,2008,Camden,male
8400,15000,18800,8000,12700,3400,7900,8100,10700,2008,Croydon,male
12300,18600,15400,8800,10700,1400,5600,6900,5700,2008,Ealing,male
11200,11100,12100,3500,14200,2400,4700,6100,7800,2008,Enfield,male
7000,13800,11400,4100,8000,1300,3300,5000,8000,2008,Greenwich,male
5800,14900,12500,3000,5100,2700,3400,4000,6300,2008,Hackney,male
6700,15000,14100,2100,4300,800,1700,2300,3100,2008,Hammersmith and Fulham,male
3000,16000,11900,4500,7800,1400,4100,3200,8500,2008,Haringey,male
6500,14800,8300,7200,9000,!,2800,5200,5900,2008,Harrow,male
7000,10300,9400,3500,11500,1600,3500,8200,5500,2008,Havering,male
10700,10400,8600,5100,12800,1400,3900,9100,7000,2008,Hillingdon,male
10700,14300,8500,4200,8200,1400,4500,5900,9400,2008,Hounslow,male
8900,13400,11500,2800,5000,1900,1800,!,5500,2008,Islington,male
10500,9900,10700,1500,3600,1200,3000,1000,2200,2008,Kensington and Chelsea,male
6900,11600,8000,2000,5100,1000,1700,1800,3800,2008,Kingston upon Thames,male
9800,19500,14200,4900,6500,2500,6500,5400,9600,2008,Lambeth,male
7900,16400,13900,4200,8500,3000,5400,4000,7000,2008,Lewisham,male
7200,12800,12400,2900,8700,2200,3000,4400,6100,2008,Merton,male
3700,7500,8500,6200,13100,2800,6800,8100,12100,2008,Newham,male
9300,18200,9900,5200,9400,1200,4200,4700,3900,2008,Redbridge,male
10800,17300,12700,1200,2300,2700,1000,1600,1600,2008,Richmond upon Thames,male
8100,17100,20000,5700,6700,2100,5500,3500,10800,2008,Southwark,male
5300,8200,10500,1200,10600,1400,2000,5400,4800,2008,Sutton,male
8700,12500,13800,5000,5700,2000,5800,2800,7100,2008,Tower Hamlets,male
5900,10000,10400,4400,10300,1900,4300,6600,6700,2008,Waltham Forest,male
12700,27100,21100,2800,5600,1400,3000,5600,6800,2008,Wandsworth,male
12100,18800,15600,1800,3300,1200,1800,1100,3300,2008,Westminster,male
3400,4200,4700,3900,7900,900,3000,5000,6000,2009,Barking and Dagenham,male
11000,27100,19600,3400,12000,2500,3300,5400,5200,2009,Barnet,male
5600,9600,10100,6200,9200,1200,3100,3900,4800,2009,Bexley,male
6900,18300,7300,4100,14900,2300,5200,8900,11600,2009,Brent,male
9500,16500,21500,5500,15700,2200,3300,2900,3000,2009,Bromley,male
8500,20700,11900,3400,2100,1600,2100,2300,3500,2009,Camden,male
9500,16600,18200,4600,14300,3400,8700,7100,7000,2009,Croydon,male
10900,18700,12100,7100,8800,1500,5900,8600,9600,2009,Ealing,male
9700,15200,9300,4800,6800,1500,3600,8200,7700,2009,Enfield,male
9100,14900,7700,4700,7000,1400,3500,6300,7700,2009,Greenwich,male
8700,15400,12700,2400,6300,2300,2800,4400,5100,2009,Hackney,male
8000,10600,13300,1700,6100,!,2500,1800,2700,2009,Hammersmith and Fulham,male
6500,16600,13900,2600,8800,!,1600,1700,5200,2009,Haringey,male
7500,14700,8100,6100,11400,1500,3100,2900,5100,2009,Harrow,male
6400,6900,8300,3700,15700,3000,2200,7000,5000,2009,Havering,male
6700,13300,8500,3400,10100,2500,6600,11500,6200,2009,Hillingdon,male
6500,15100,9500,5600,10500,2200,3300,3300,6700,2009,Hounslow,male
8300,16700,12200,2700,4100,1500,2000,1700,4400,2009,Islington,male
11600,10400,12900,1800,1900,1100,700,!,2500,2009,Kensington and Chelsea,male
5400,11200,10500,1900,4900,1200,2400,2400,1500,2009,Kingston upon Thames,male
9100,22000,18300,2800,5700,2000,3800,6800,12800,2009,Lambeth,male
7400,13300,16800,3200,11200,5100,3400,3900,7100,2009,Lewisham,male
6300,16800,8600,1700,8700,1800,2800,4400,4800,2009,Merton,male
3000,7100,6000,5800,12300,2000,8500,8000,12300,2009,Newham,male
9900,14500,6600,5600,10500,!,7500,7600,7100,2009,Redbridge,male
9700,15700,11400,1400,3100,1800,2100,2100,3100,2009,Richmond upon Thames,male
9200,22800,13300,5000,6200,1100,4200,5700,9000,2009,Southwark,male
7000,11600,9900,2400,9400,1800,3200,3800,3700,2009,Sutton,male
5300,13900,14700,5200,5900,2200,4300,3300,9200,2009,Tower Hamlets,male
6000,10000,8800,3400,12300,1600,3900,10000,5900,2009,Waltham Forest,male
13400,29700,16300,7500,8500,1600,4200,3200,8000,2009,Wandsworth,male
7500,17000,19700,5100,3300,1100,3300,1200,4500,2009,Westminster,male
3000,6300,3700,3600,8300,600,2000,6100,6100,2010,Barking and Dagenham,male
10300,22400,18900,6100,9900,4400,2500,4600,7100,2010,Barnet,male
5800,11300,9600,5300,9800,900,3000,4900,3100,2010,Bexley,male
7100,17200,8400,4200,13100,!,6100,14400,8900,2010,Brent,male
8900,21300,14300,4300,14300,1700,2000,3300,3600,2010,Bromley,male
6100,20100,13800,3200,4100,2000,2000,2200,4000,2010,Camden,male
9000,18700,19100,8100,14500,1500,7400,8100,8900,2010,Croydon,male
13000,16600,14200,3000,13400,2500,6300,8600,6300,2010,Ealing,male
8300,14600,10500,4900,12800,2200,3400,6500,8200,2010,Enfield,male
7900,14900,12000,4200,8500,1500,3400,5600,6400,2010,Greenwich,male
6500,15500,13900,4200,6800,2600,3100,4200,6100,2010,Hackney,male
7000,13400,14300,1800,4700,!,1700,2600,3800,2010,Hammersmith and Fulham,male
7400,12600,14800,2000,6800,1600,4300,2100,8300,2010,Haringey,male
13000,18600,7900,6800,6600,!,5200,2900,3400,2010,Harrow,male
6900,8800,11500,3900,12000,2000,2300,5400,4500,2010,Havering,male
8600,9600,10800,2900,13300,1300,4800,8200,7100,2010,Hillingdon,male
8100,11700,11500,2600,10100,2700,4600,8200,7700,2010,Hounslow,male
8000,20600,11600,2100,3100,1700,1300,2200,3300,2010,Islington,male
9700,12500,9700,1400,2800,!,1900,600,2600,2010,Kensington and Chelsea,male
4700,13800,7100,1200,4400,1100,1800,1400,3200,2010,Kingston upon Thames,male
12300,20900,21300,3700,7600,2200,5800,2900,10300,2010,Lambeth,male
8200,16000,14000,4200,6400,4000,4500,4100,7000,2010,Lewisham,male
7400,15900,7200,2500,6000,2300,4300,3500,5800,2010,Merton,male
3800,9500,6700,3500,12200,2400,8500,7400,15900,2010,Newham,male
6400,16100,14100,5500,7400,1600,4800,5100,6700,2010,Redbridge,male
9500,14000,12100,2200,4700,2000,2400,2100,2100,2010,Richmond upon Thames,male
7900,15600,21400,5300,8500,!,6400,4300,8600,2010,Southwark,male
8300,9600,8800,2400,9000,2300,2900,3800,2700,2010,Sutton,male
6800,18200,16100,4500,6100,1400,7600,2500,6400,2010,Tower Hamlets,male
7700,13100,11200,4000,9800,!,4100,4500,6700,2010,Waltham Forest,male
16000,28800,18700,4300,4200,!,8600,1500,2400,2010,Wandsworth,male
9400,17700,16900,3100,2900,1400,1500,1200,6000,2010,Westminster,male
1300,5400,5800,2400,9600,900,2800,4000,7500,2011,Barking and Dagenham,male
14300,27700,14700,3700,12400,2800,3900,5700,8000,2011,Barnet,male
5900,7800,8600,2800,10800,1200,4500,6600,5000,2011,Bexley,male
9200,11900,6100,5600,14600,4400,5200,4900,10900,2011,Brent,male
8300,23900,15100,5200,9000,2300,3900,4700,3900,2011,Bromley,male
7900,18800,14100,1900,2700,1800,2400,2900,3200,2011,Camden,male
9900,19600,20600,5700,10700,!,3100,10100,5600,2011,Croydon,male
9700,25700,12500,2700,9100,2600,5600,8400,10300,2011,Ealing,male
9800,12800,13700,4300,10700,3100,2500,7900,8500,2011,Enfield,male
6700,13800,7900,4500,9300,2800,5000,5000,10000,2011,Greenwich,male
6600,17100,11300,4900,6700,1600,2000,6100,6200,2011,Hackney,male
8100,13600,11700,2200,6300,800,2000,2200,3000,2011,Hammersmith and Fulham,male
8600,18500,9300,2300,7100,1400,4100,2200,8100,2011,Haringey,male
8300,19400,10500,4300,8400,1500,6400,4300,5100,2011,Harrow,male
6300,11500,8200,4700,12700,3100,2900,4900,4300,2011,Havering,male
8000,11400,11100,3100,12100,1900,3400,11200,9500,2011,Hillingdon,male
7400,14500,13400,3600,9400,2400,5900,4700,8600,2011,Hounslow,male
7600,22400,10500,1700,2600,2500,1400,3500,3700,2011,Islington,male
12900,7300,12000,1500,2700,600,!,2200,4800,2011,Kensington and Chelsea,male
6100,10400,5800,1300,4900,900,3100,2700,3200,2011,Kingston upon Thames,male
17200,22200,16600,6600,6100,2300,1900,4400,10800,2011,Lambeth,male
8000,21100,18400,5900,3600,1700,3100,2300,5200,2011,Lewisham,male
9000,14200,8000,2100,7400,2300,1900,4500,6300,2011,Merton,male
6000,12500,6600,5300,12400,2700,10000,6900,15400,2011,Newham,male
8400,16200,9700,4800,9400,1200,7800,5500,7200,2011,Redbridge,male
11100,13300,12900,1600,5600,1700,1300,2400,1000,2011,Richmond upon Thames,male
7900,20000,17100,3800,7000,2100,2900,2700,9600,2011,Southwark,male
8300,10600,9400,1200,11400,1800,1800,2900,4900,2011,Sutton,male
7800,15000,20000,3200,4500,1500,4700,3500,8100,2011,Tower Hamlets,male
5600,11600,7800,4300,14200,4100,4300,7700,9200,2011,Waltham Forest,male
16700,30200,19000,3300,5200,1900,5400,5000,6300,2011,Wandsworth,male
13000,17600,17600,2700,4300,1500,1100,1600,3500,2011,Westminster,male
4000,5300,5500,2200,7800,1700,3400,5400,6200,2012,Barking and Dagenham,male
15200,28800,12600,4000,10300,!,2300,4300,8100,2012,Barnet,male
6900,8900,8900,4900,11300,1300,3300,4600,8100,2012,Bexley,male
7600,12300,13100,5700,14400,2000,7200,9100,9900,2012,Brent,male
10800,22900,16800,3900,9000,2000,2300,6000,4500,2012,Bromley,male
9000,22600,12500,3300,1900,1500,3600,3400,5100,2012,Camden,male
11200,16800,15000,7500,12700,5500,4300,8600,10400,2012,Croydon,male
10600,21700,10900,4700,11000,1600,7300,9900,12400,2012,Ealing,male
8600,16900,14400,4400,6200,2600,3200,9600,7300,2012,Enfield,male
8400,14200,8100,4100,10600,3300,3700,4500,11000,2012,Greenwich,male
7200,15900,18800,4100,5000,1500,2000,4500,4300,2012,Hackney,male
6800,14800,12500,3500,3200,1500,2600,2400,3500,2012,Hammersmith and Fulham,male
6600,21300,17300,1200,7200,2300,5000,3800,6000,2012,Haringey,male
8300,15700,8800,6000,10800,800,6300,4400,3300,2012,Harrow,male
5300,10600,9500,3900,10100,1300,3100,6000,6400,2012,Havering,male
8800,18800,11500,1800,10200,!,5200,7900,8700,2012,Hillingdon,male
9600,15900,8000,4700,10800,1900,7200,3700,10500,2012,Hounslow,male
8300,17700,12700,1200,3000,1400,2400,2400,2800,2012,Islington,male
13800,8500,12700,1600,2100,1800,1400,1000,2700,2012,Kensington and Chelsea,male
5500,12100,8200,2500,4500,1200,2700,2500,3500,2012,Kingston upon Thames,male
17800,19300,19500,8000,8900,4400,2400,3200,6200,2012,Lambeth,male
4700,20600,17900,5400,7300,1600,3200,4300,5600,2012,Lewisham,male
7300,14400,10300,2300,8200,1100,3200,3900,4400,2012,Merton,male
7600,12500,5300,11200,13300,5100,5300,8500,13000,2012,Newham,male
7700,18000,11100,4900,7600,1400,5400,8200,5700,2012,Redbridge,male
10100,15000,13400,2200,3500,1100,2500,900,2500,2012,Richmond upon Thames,male
11100,26900,17000,6000,5700,4100,2100,3900,7400,2012,Southwark,male
7800,13900,7200,2800,7300,1000,2000,3300,5600,2012,Sutton,male
5800,20200,16000,5700,6700,1700,3000,6200,7000,2012,Tower Hamlets,male
9800,12100,8900,5800,14400,3100,3100,5500,7000,2012,Waltham Forest,male
17400,31100,19400,2800,6000,1000,4700,3500,2800,2012,Wandsworth,male
16900,14600,13600,4300,2900,1600,1600,1400,5600,2012,Westminster,male
4300,5400,3600,2500,10100,2700,3200,5700,6300,2013,Barking and Dagenham,male
24100,23800,12400,3000,17300,2600,3900,5700,3900,2013,Barnet,male
7600,8700,9600,3900,13100,3400,1000,7100,3800,2013,Bexley,male
7900,15200,9100,3900,16900,800,8500,7700,15500,2013,Brent,male
9300,23600,18000,5800,9800,1300,3900,3900,4800,2013,Bromley,male
10600,17800,10500,4000,3700,1300,2400,4000,4800,2013,Camden,male
12500,19900,14600,6500,13400,5600,5800,3300,9900,2013,Croydon,male
8700,16200,14600,4800,19300,2800,6000,6400,10300,2013,Ealing,male
6500,17800,13600,4800,7300,2900,5100,7800,11000,2013,Enfield,male
9100,14800,7700,3600,8400,2100,4400,3900,12300,2013,Greenwich,male
9400,19500,12900,3700,5200,2200,4500,2900,4200,2013,Hackney,male
10300,12400,14000,1600,2500,1600,2200,1000,3700,2013,Hammersmith and Fulham,male
7600,21100,16600,2300,6500,1700,4100,4500,6400,2013,Haringey,male
4400,17700,10800,4500,8600,2700,3700,5300,5000,2013,Harrow,male
7000,9700,10200,5900,12000,!,1800,5500,4200,2013,Havering,male
10400,15300,12800,4300,9800,4000,5700,5700,6800,2013,Hillingdon,male
10600,13600,8900,3500,14700,3500,6800,8200,6200,2013,Hounslow,male
11500,22100,10000,2000,1700,1800,2700,2200,4000,2013,Islington,male
10900,9100,11500,2200,3000,2000,800,800,2100,2013,Kensington and Chelsea,male
7800,13900,7000,2000,3000,2200,2000,3000,2700,2013,Kingston upon Thames,male
17800,29700,23000,3600,6000,2700,2600,4700,5500,2013,Lambeth,male
7800,19100,20000,4100,4600,2500,3700,5600,8000,2013,Lewisham,male
8000,13800,10900,2200,11600,1700,3200,3600,3800,2013,Merton,male
4200,8900,8700,9000,18600,4800,9900,9100,9400,2013,Newham,male
11800,18500,12400,4800,7100,1000,3100,6200,6800,2013,Redbridge,male
11500,17100,11400,1600,6000,!,1400,1000,3700,2013,Richmond upon Thames,male
11000,19600,17100,5400,5500,3100,4800,3500,7800,2013,Southwark,male
6200,15600,11200,2900,9100,1900,2300,3800,1300,2013,Sutton,male
9500,19600,14400,5100,6100,1800,4700,6200,9100,2013,Tower Hamlets,male
11100,16000,8900,3600,11200,1300,7200,5600,9600,2013,Waltham Forest,male
17700,29000,21700,3500,4900,1300,2600,2300,4600,2013,Wandsworth,male
16000,15900,18800,2700,4900,1500,2300,1900,3900,2013,Westminster,male
3300,6000,4800,1800,11700,1800,3800,7800,7100,2015,Barking and Dagenham,male
16600,26100,16200,5000,10600,3900,4600,5900,6800,2015,Barnet,male
6000,10800,7300,4500,13900,2000,3900,5500,8400,2015,Bexley,male
13100,15000,9600,6200,13700,2800,5600,12800,10100,2015,Brent,male
9600,24300,17100,4800,10900,1900,2100,6200,5700,2015,Bromley,male
10600,20900,16100,1400,4100,2900,2700,1300,5400,2015,Camden,male
11500,22900,13600,4200,18100,6800,6200,6800,10200,2015,Croydon,male
16300,20100,10500,4100,15200,3700,4600,8600,13500,2015,Ealing,male
10200,17300,11400,2600,13500,2700,6500,8200,11400,2015,Enfield,male
7900,14400,12000,5300,10100,!,5900,4200,12800,2015,Greenwich,male
11400,17800,14100,5500,7200,4300,3400,2100,4800,2015,Hackney,male
10400,15200,11300,3800,3200,1500,600,2200,3600,2015,Hammersmith and Fulham,male
6000,18800,13500,4500,13000,1200,4000,4400,10300,2015,Haringey,male
7900,20000,9200,4400,10700,2100,4500,6200,3900,2015,Harrow,male
5500,13000,9500,5400,12300,1900,3700,4700,6700,2015,Havering,male
8800,18100,7600,6200,11900,1400,4700,11000,12100,2015,Hillingdon,male
10900,20500,10100,3200,9500,1900,7300,10200,8300,2015,Hounslow,male
8900,19500,18300,3000,4100,1600,3700,3800,4000,2015,Islington,male
17100,9300,9800,1400,1600,900,~,1700,1800,2015,Kensington and Chelsea,male
8900,12200,7800,2500,4200,!,3100,2900,6100,2015,Kingston upon Thames,male
14700,35300,27600,2800,3900,3300,3400,2700,7900,2015,Lambeth,male
12400,16200,17100,4600,8600,2600,6100,5600,9800,2015,Lewisham,male
8200,19100,9600,2700,7200,1400,2800,2600,5300,2015,Merton,male
12500,9400,10800,8600,14200,1000,8100,8800,20100,2015,Newham,male
8600,16500,12600,8000,11500,1500,6500,8500,5500,2015,Redbridge,male
12700,12200,16900,1500,3500,800,800,1100,2600,2015,Richmond upon Thames,male
13400,24100,17100,5400,9000,4600,4400,5200,8400,2015,Southwark,male
7800,12900,8700,1900,11300,2200,2100,4700,4300,2015,Sutton,male
12100,24500,15800,6700,8600,4000,7800,5700,7700,2015,Tower Hamlets,male
8400,12100,9500,6900,15600,3100,6800,4600,4200,2015,Waltham Forest,male
18800,27800,21600,5400,6800,1200,4800,4900,5600,2015,Wandsworth,male
12400,15700,16800,4800,4200,1700,2900,3400,3500,2015,Westminster,male
3200,7300,4200,3500,10000,2600,2300,6200,8900,2016,Barking and Dagenham,male
21100,28600,15600,6700,9600,4900,3900,6100,5400,2016,Barnet,male
6100,12900,12900,3300,10700,3000,4300,6100,6200,2016,Bexley,male
11400,17700,12300,6800,12100,3300,5700,11900,14400,2016,Brent,male
12900,22900,18800,5300,8600,!,3000,6200,8000,2016,Bromley,male
12700,23800,15300,900,3100,3500,3500,2200,2500,2016,Camden,male
15300,30600,19500,5100,10300,5700,6100,6300,9200,2016,Croydon,male
14800,19600,15400,4100,15000,4200,3800,10400,10400,2016,Ealing,male
10100,20200,11000,2200,13900,!,7600,6400,8100,2016,Enfield,male
11000,18400,13400,4300,8400,1900,3800,6800,6500,2016,Greenwich,male
10100,20300,17200,3700,5100,3600,2800,2700,5900,2016,Hackney,male
9700,17900,11200,3600,3400,700,1900,3400,3100,2016,Hammersmith and Fulham,male
7800,18700,16100,3400,13500,2300,5600,4100,8300,2016,Haringey,male
9600,18200,8200,4200,12300,2200,3900,5900,4400,2016,Harrow,male
7800,11200,10200,3100,14200,3700,5000,6900,4400,2016,Havering,male
10900,15800,12600,5500,17100,2200,2500,10800,9000,2016,Hillingdon,male
14000,19800,14100,3600,6500,!,4900,9200,8700,2016,Hounslow,male
10800,19600,15400,2800,5000,1200,4900,1400,4300,2016,Islington,male
12100,10200,10900,1900,1900,1000,700,2600,900,2016,Kensington and Chelsea,male
9100,12700,11600,800,5500,1000,2600,2200,2800,2016,Kingston upon Thames,male
16800,30000,25500,3000,6900,3700,5600,5300,7500,2016,Lambeth,male
7000,27200,18000,3500,7300,3000,4900,6300,10000,2016,Lewisham,male
11700,18000,10700,3200,3900,2500,3400,3800,3800,2016,Merton,male
11400,14300,11700,8700,19200,1400,12500,11300,15800,2016,Newham,male
9700,20700,12800,4400,14800,1700,6400,10500,7500,2016,Redbridge,male
13900,15800,14700,1300,3400,1000,!,1500,1500,2016,Richmond upon Thames,male
16500,25500,16300,4500,5600,6100,3300,4600,11000,2016,Southwark,male
9300,13600,7600,3100,7600,1800,1700,6100,5300,2016,Sutton,male
9500,22600,25400,5700,5100,2100,3600,8100,8800,2016,Tower Hamlets,male
7500,15500,10500,4200,11000,1400,5100,10100,13300,2016,Waltham Forest,male
22800,29500,19500,5100,6800,2800,3600,3000,3100,2016,Wandsworth,male
15800,17500,23100,3400,4300,1800,2200,3300,1600,2016,Westminster,male
5300,4000,5600,3100,12000,1800,3000,7100,7400,2017,Barking and Dagenham,male
19100,23400,10700,6600,16700,2700,7800,7100,9800,2017,Barnet,male
9200,11700,10300,3200,8800,2500,4100,6500,6200,2017,Bexley,male
11300,16300,8000,5900,15300,3800,8700,12500,10700,2017,Brent,male
13900,23400,16400,5000,10600,3100,3700,5000,5600,2017,Bromley,male
14400,20900,15300,4500,3900,900,4400,2000,2600,2017,Camden,male
11600,28500,17800,5500,12200,3200,3100,8700,10700,2017,Croydon,male
12600,20500,17700,5500,11700,3700,8500,8100,13300,2017,Ealing,male
6300,18600,11200,2900,15200,!,8900,7900,7900,2017,Enfield,male
10600,21100,17300,5800,7800,1200,3000,6700,6300,2017,Greenwich,male
6200,27200,19500,3400,6500,2000,3900,4000,8900,2017,Hackney,male
10800,14900,13900,1500,6100,!,2000,2000,3200,2017,Hammersmith and Fulham,male
8700,20200,14600,3000,9700,700,4900,5700,8700,2017,Haringey,male
13500,17600,8600,2800,11700,2400,3400,6600,8100,2017,Harrow,male
11400,10200,9800,5200,9900,1600,2500,8100,4100,2017,Havering,male
12700,14500,12300,4400,15100,2500,3500,9200,10700,2017,Hillingdon,male
11800,16800,7400,6700,10300,4400,6700,10700,8400,2017,Hounslow,male
18400,24900,13900,5300,4800,1100,3100,1700,4000,2017,Islington,male
14200,10300,5900,1700,2800,1100,1500,1400,2300,2017,Kensington and Chelsea,male
8700,16300,8100,2500,6400,1100,1500,1600,3100,2017,Kingston upon Thames,male
11400,31900,28200,8700,8300,6600,2400,2700,5300,2017,Lambeth,male
11500,27100,27600,3400,6700,2000,3700,3500,8200,2017,Lewisham,male
13000,13700,9900,2700,7300,3200,3900,4600,3300,2017,Merton,male
8800,16100,16300,5100,20600,2300,11600,9800,13800,2017,Newham,male
10800,18800,12400,6700,12200,1300,4000,11500,7500,2017,Redbridge,male
12400,16000,13300,1600,4200,1400,1700,1400,1800,2017,Richmond upon Thames,male
15100,30200,22200,7600,6200,3400,4000,3700,9800,2017,Southwark,male
9100,15500,7500,3700,7800,2400,3700,4100,3200,2017,Sutton,male
11000,22300,19200,7100,7400,1600,7600,6700,5800,2017,Tower Hamlets,male
9200,14600,12800,3600,19000,2000,3900,6500,12000,2017,Waltham Forest,male
13100,26800,22100,5300,9600,1800,!,2000,7300,2017,Wandsworth,male
17500,18800,18900,2500,2100,1400,3500,2700,3300,2017,Westminster,male
1700,4700,2800,6500,1100,4800,3900,1000,3200,2004,Barking and Dagenham,female
6600,13800,11400,15200,!,7700,7600,!,4100,2004,Barnet,female
3100,5500,5600,19400,800,6500,6600,!,2500,2004,Bexley,female
3500,10600,8300,11700,1000,4300,4600,!,6700,2004,Brent,female
4200,14000,8700,20700,1500,6500,9500,1000,3000,2004,Bromley,female
2300,13400,10700,9300,!,4300,2200,!,2700,2004,Camden,female
6800,11800,10000,18900,1600,10100,10900,!,3100,2004,Croydon,female
4700,16500,10100,14000,1900,5900,5100,!,3900,2004,Ealing,female
3900,9000,6900,19100,1200,6100,4500,2200,4800,2004,Enfield,female
2700,9300,6100,10800,800,7200,5400,!,4200,2004,Greenwich,female
2600,8600,7300,5600,1500,2400,2100,!,3600,2004,Hackney,female
3800,9400,8500,8400,1000,3700,900,!,3300,2004,Hammersmith and Fulham,female
3900,10400,8100,6400,!,5000,4700,500,2400,2004,Haringey,female
2900,12900,5600,11500,!,3800,4500,800,3600,2004,Harrow,female
3700,6400,4700,15900,800,6200,6900,800,5500,2004,Havering,female
7200,9100,6800,12200,!,10800,4300,!,4800,2004,Hillingdon,female
3500,8100,8100,8900,1900,7300,6600,1000,3100,2004,Hounslow,female
3100,12000,7800,5300,~,2500,3200,!,2200,2004,Islington,female
2800,9300,10100,4100,!,3900,2200,!,1400,2004,Kensington and Chelsea,female
3800,8000,6000,7500,!,4000,4200,!,1700,2004,Kingston upon Thames,female
4800,14000,9900,7300,1800,5800,3600,!,7000,2004,Lambeth,female
3500,11600,8800,11600,1300,8800,5100,!,5600,2004,Lewisham,female
3300,9400,7400,10900,800,5500,3700,!,1900,2004,Merton,female
1500,4900,6300,6500,1200,5100,4400,!,5000,2004,Newham,female
3600,13000,5700,16700,!,6200,5100,!,5600,2004,Redbridge,female
5000,12300,7800,8400,!,2500,2200,!,1500,2004,Richmond upon Thames,female
3700,14500,9100,11400,!,5000,2400,!,6000,2004,Southwark,female
4000,6900,6200,11500,!,6100,4600,!,2800,2004,Sutton,female
2400,6100,5500,6400,!,3400,3300,!,3800,2004,Tower Hamlets,female
1500,7600,7200,11400,700,5900,3700,700,3900,2004,Waltham Forest,female
6500,23300,15500,10500,1100,8400,5300,!,2000,2004,Wandsworth,female
4400,12800,7900,6800,!,3300,3900,!,2400,2004,Westminster,female
1900,4800,3400,7600,~,4500,3700,1200,2500,2005,Barking and Dagenham,female
5500,17300,12900,16500,!,10200,3500,!,4800,2005,Barnet,female
1300,6400,7100,19000,!,5900,4800,1100,6400,2005,Bexley,female
4600,11200,7800,14800,!,4900,5000,800,2000,2005,Brent,female
6500,13700,10700,25400,!,9500,6800,!,2100,2005,Bromley,female
2600,13500,10700,7600,!,4200,3100,!,2200,2005,Camden,female
7100,13900,9700,19400,2600,10700,8700,!,4800,2005,Croydon,female
6800,14500,9400,14300,1600,6400,4300,1300,4000,2005,Ealing,female
4100,10800,6100,14500,!,5900,5500,1700,5100,2005,Enfield,female
3800,10700,6800,11400,!,4000,5500,900,5000,2005,Greenwich,female
2600,10100,8600,4300,1200,4200,1500,!,3600,2005,Hackney,female
3700,11800,9400,7000,700,5000,3400,!,2700,2005,Hammersmith and Fulham,female
4500,8900,10700,6700,800,5400,4100,1700,4500,2005,Haringey,female
4000,12400,6600,12200,800,5700,4600,!,2100,2005,Harrow,female
3000,6500,6600,14500,!,6000,4700,!,6800,2005,Havering,female
5800,10000,6200,11600,800,7800,4100,900,5500,2005,Hillingdon,female
3500,10100,7000,10700,!,7300,5900,700,5400,2005,Hounslow,female
3400,11400,7200,8500,600,4400,3000,!,1900,2005,Islington,female
4000,9400,10400,4000,800,4700,1800,!,!,2005,Kensington and Chelsea,female
3600,9300,5500,10700,!,3700,2800,!,1500,2005,Kingston upon Thames,female
6000,13500,12300,9000,!,8500,4100,!,6300,2005,Lambeth,female
3700,9800,11400,14700,900,7300,2700,700,4300,2005,Lewisham,female
3300,9400,7500,9900,!,7100,2800,!,1700,2005,Merton,female
900,4100,5200,8700,700,7900,5800,!,5000,2005,Newham,female
3300,12200,7100,12000,900,4700,4100,!,2700,2005,Redbridge,female
5600,13500,9400,7200,800,2800,2600,!,2200,2005,Richmond upon Thames,female
6500,12200,5700,8800,!,5000,6800,900,4400,2005,Southwark,female
2900,9400,7600,10000,!,5700,3300,!,4600,2005,Sutton,female
2100,5700,4800,7400,1000,3400,3000,!,3100,2005,Tower Hamlets,female
2600,6500,6500,10300,1100,5700,5000,1600,4700,2005,Waltham Forest,female
5600,18800,14600,14600,!,7200,8100,!,3300,2005,Wandsworth,female
4000,13800,11800,7300,1300,2600,3500,!,3300,2005,Westminster,female
1400,3600,3200,8900,1100,4100,3700,500,2800,2006,Barking and Dagenham,female
4200,20900,10100,12300,!,12300,6700,!,5200,2006,Barnet,female
2000,8100,7000,17500,!,5600,5600,800,3800,2006,Bexley,female
3200,10300,5900,12600,1100,6100,9400,900,1700,2006,Brent,female
3800,16700,10900,18800,1000,8200,4300,!,2400,2006,Bromley,female
4400,13600,10200,10100,900,2900,1600,!,2400,2006,Camden,female
5400,16500,11400,16000,!,12600,7900,900,5900,2006,Croydon,female
4100,19000,12800,11200,1000,7300,5900,1600,6500,2006,Ealing,female
7200,14900,5600,14400,1200,6600,5100,!,4900,2006,Enfield,female
3300,12400,9300,10500,#,5100,7000,!,3000,2006,Greenwich,female
3300,8000,7700,4600,1500,5400,2200,!,4600,2006,Hackney,female
5500,10300,11400,7000,1300,3800,3800,!,1700,2006,Hammersmith and Fulham,female
4600,13000,7900,7600,1600,7000,3000,!,5000,2006,Haringey,female
3800,10100,8200,12400,!,7200,3600,!,3000,2006,Harrow,female
4000,6000,4900,18000,!,8200,6500,!,3100,2006,Havering,female
6600,7400,5000,16300,!,8200,7900,!,3700,2006,Hillingdon,female
3500,10800,8300,12500,800,5900,4600,900,4000,2006,Hounslow,female
3500,13500,7300,6000,!,4400,3300,!,1700,2006,Islington,female
2600,8000,9100,4900,800,3700,1800,!,1200,2006,Kensington and Chelsea,female
2400,10200,8300,7100,!,3600,2400,!,2200,2006,Kingston upon Thames,female
4500,14300,10300,8600,!,3700,2900,!,5800,2006,Lambeth,female
4600,13100,9300,14900,!,7600,3500,!,4900,2006,Lewisham,female
2900,12200,8400,8900,900,7600,3700,!,800,2006,Merton,female
1700,5300,3800,9200,!,7000,2900,1000,5700,2006,Newham,female
2000,14800,6500,12500,1200,6200,4200,!,3000,2006,Redbridge,female
6300,13300,8300,9400,900,2500,2800,!,1200,2006,Richmond upon Thames,female
3100,10000,8100,11800,1100,7100,5200,!,5600,2006,Southwark,female
3200,8600,3600,11700,2000,5800,4600,!,2600,2006,Sutton,female
3100,9200,6800,4000,!,3800,2200,!,2100,2006,Tower Hamlets,female
3200,9200,6500,10600,!,8200,4500,800,6300,2006,Waltham Forest,female
8800,20000,13500,13500,!,4600,7100,!,3700,2006,Wandsworth,female
3500,10100,11100,11500,500,5400,2800,!,4000,2006,Westminster,female
1600,4500,2300,8300,700,5500,3300,1200,3400,2007,Barking and Dagenham,female
5100,22500,10000,16600,900,8300,4200,!,6100,2007,Barnet,female
2100,10300,6000,11900,800,6700,8100,900,3600,2007,Bexley,female
4800,6900,10100,11500,1200,7500,7100,2900,6300,2007,Brent,female
7100,17100,10000,19100,!,9400,6100,!,3800,2007,Bromley,female
4700,13600,13000,7100,!,4900,1800,!,2400,2007,Camden,female
4300,16500,9700,19200,2100,12500,7400,1600,5900,2007,Croydon,female
3400,16900,11500,11100,1000,6900,6700,!,5300,2007,Ealing,female
2500,10400,8100,13400,900,6800,6900,!,3600,2007,Enfield,female
3000,10700,6200,11700,1300,4500,6800,700,4100,2007,Greenwich,female
3900,11700,6200,8600,600,5400,4400,!,4600,2007,Hackney,female
5700,9100,9600,6800,600,5600,1900,!,3000,2007,Hammersmith and Fulham,female
4900,12900,6700,10600,!,7400,3200,!,3700,2007,Haringey,female
3500,10800,6400,11800,!,6800,5600,900,3100,2007,Harrow,female
4300,7300,7400,15700,1200,8100,4100,!,3900,2007,Havering,female
4000,8000,6100,16500,!,5600,4200,!,4000,2007,Hillingdon,female
4000,8100,7600,10500,800,7600,5200,1300,4500,2007,Hounslow,female
3200,15600,11500,4900,!,4200,3500,!,3200,2007,Islington,female
5700,7900,8300,5200,600,5100,1300,!,600,2007,Kensington and Chelsea,female
2500,10200,7300,8100,!,3400,2000,!,1100,2007,Kingston upon Thames,female
6400,17000,9600,12300,!,5700,5100,!,4800,2007,Lambeth,female
4200,11100,8800,14100,900,12700,4400,700,2500,2007,Lewisham,female
3400,13300,6400,10800,!,6300,4500,600,2100,2007,Merton,female
2200,5600,6400,6700,900,6000,6200,1000,3400,2007,Newham,female
3600,14100,5700,11500,!,5100,4500,!,2200,2007,Redbridge,female
4700,11700,8500,9900,600,4100,2400,!,1600,2007,Richmond upon Thames,female
4800,14200,8900,10900,1000,7000,5300,!,3800,2007,Southwark,female
2500,7700,4600,14400,!,4600,5300,!,3000,2007,Sutton,female
2200,7400,6200,6200,!,2800,2500,!,4000,2007,Tower Hamlets,female
3800,6900,7100,10700,1400,6900,4800,!,4800,2007,Waltham Forest,female
12700,20900,16900,9600,1300,7200,6100,!,3300,2007,Wandsworth,female
5100,12900,9000,8600,700,3400,2000,!,3500,2007,Westminster,female
1900,4100,4400,6200,~,6300,3600,600,3800,2008,Barking and Dagenham,female
6700,19600,9700,14900,!,10600,3800,!,5600,2008,Barnet,female
2700,8200,7300,13700,!,9200,6000,!,2800,2008,Bexley,female
4200,11300,9000,10600,!,10100,6400,2300,8100,2008,Brent,female
6200,14000,11900,20600,1200,6900,6500,1000,5600,2008,Bromley,female
3600,14600,13600,5400,600,4700,3000,!,2000,2008,Camden,female
4100,13800,12500,21600,!,15000,7900,!,7300,2008,Croydon,female
4600,15700,9000,16900,1200,8300,7700,!,6400,2008,Ealing,female
4800,10300,7300,13400,800,9800,5300,!,2900,2008,Enfield,female
2400,10000,7500,10400,800,6300,3700,!,4400,2008,Greenwich,female
3900,13600,11300,6300,!,7100,2800,!,3600,2008,Hackney,female
3700,10700,10100,5400,1000,3300,2000,!,4400,2008,Hammersmith and Fulham,female
2400,13000,7800,7400,800,8000,1800,1500,4000,2008,Haringey,female
3500,10500,3100,11700,900,7000,5100,!,2200,2008,Harrow,female
4200,9600,7300,14600,600,8900,4400,!,3700,2008,Havering,female
4500,9000,6400,14100,1600,7300,5700,!,5900,2008,Hillingdon,female
4600,11600,6500,9600,800,4900,3500,1300,6400,2008,Hounslow,female
3700,13500,9400,6700,1100,4300,4700,#,2900,2008,Islington,female
5600,8100,7900,4900,700,3600,2600,!,2200,2008,Kensington and Chelsea,female
2200,10900,6100,7400,500,4500,3200,!,1400,2008,Kingston upon Thames,female
4400,14200,10800,10900,!,7600,6400,1600,8000,2008,Lambeth,female
4300,15100,12000,12700,!,7900,5600,!,4600,2008,Lewisham,female
5800,12500,4500,7400,900,6700,5200,!,2300,2008,Merton,female
2200,6000,5100,6000,2400,8600,5600,700,6300,2008,Newham,female
3600,12500,5300,12500,!,8100,3500,!,4400,2008,Redbridge,female
4400,11400,9400,8500,800,4200,3300,600,1900,2008,Richmond upon Thames,female
3300,14300,10100,10800,1300,8000,4200,!,4300,2008,Southwark,female
2800,8400,6800,14500,700,5800,3500,!,2400,2008,Sutton,female
2400,9500,7200,8800,!,3500,3700,!,4500,2008,Tower Hamlets,female
2100,7300,6500,12300,1400,7400,3900,1000,3700,2008,Waltham Forest,female
13200,24700,17100,9600,!,8400,3600,!,4300,2008,Wandsworth,female
4400,9100,12800,8100,1000,4200,1700,!,2300,2008,Westminster,female
2300,5400,3500,6700,600,5900,2500,!,3100,2009,Barking and Dagenham,female
4700,18300,9000,15100,!,13100,5000,!,4900,2009,Barnet,female
4200,7400,6600,11900,1700,7600,3800,1300,4600,2009,Bexley,female
5600,15900,6900,11300,!,8100,7400,1400,6400,2009,Brent,female
5400,14600,13800,15400,1400,8300,6200,!,3800,2009,Bromley,female
6200,17100,14100,3100,!,3400,2300,!,1600,2009,Camden,female
3500,19300,13700,19300,1700,11400,8000,!,6400,2009,Croydon,female
7400,12500,11700,9400,2000,10900,6000,!,5100,2009,Ealing,female
2400,11100,7500,11200,1500,9900,4900,!,4000,2009,Enfield,female
2700,8800,5300,8600,800,5800,2900,1100,6600,2009,Greenwich,female
4600,15400,10900,7500,800,6800,3700,!,4800,2009,Hackney,female
2900,10400,9600,7500,1200,4100,4400,!,3100,2009,Hammersmith and Fulham,female
4900,11700,10500,6200,!,3700,3900,!,5400,2009,Haringey,female
2700,12300,6800,14400,!,6900,2600,!,4700,2009,Harrow,female
3300,8200,5400,17000,800,6600,6000,!,3700,2009,Havering,female
3400,10000,8700,13200,900,9400,6200,!,5800,2009,Hillingdon,female
4300,10400,8500,10200,1000,7300,7000,1600,6000,2009,Hounslow,female
5300,12800,11900,6900,!,2500,2500,!,1100,2009,Islington,female
4300,7800,8900,4800,800,4300,600,!,1300,2009,Kensington and Chelsea,female
2900,10500,7900,5900,!,4700,4200,!,1900,2009,Kingston upon Thames,female
6400,18500,14500,7900,1800,9400,4000,!,10300,2009,Lambeth,female
3800,14800,10900,13200,1300,8800,3600,!,3300,2009,Lewisham,female
3900,11600,7200,7300,1200,6400,3800,700,2600,2009,Merton,female
2200,5900,3800,6300,1200,9100,5600,!,9400,2009,Newham,female
4600,12000,5400,12500,!,7300,4100,!,4000,2009,Redbridge,female
5000,12700,8700,7200,!,4500,2200,!,!,2009,Richmond upon Thames,female
4200,15800,12300,6900,1600,8800,5200,!,4800,2009,Southwark,female
3000,7600,7400,10800,700,4500,6700,!,3000,2009,Sutton,female
3500,8400,9600,8000,!,3800,3300,!,4000,2009,Tower Hamlets,female
3800,7500,7000,9100,!,6100,5600,!,7800,2009,Waltham Forest,female
7200,25700,17700,14500,!,7800,6600,!,2400,2009,Wandsworth,female
5700,12300,14300,7100,!,2800,1200,!,3100,2009,Westminster,female
1700,5900,3200,7900,!,5300,3900,!,3900,2010,Barking and Dagenham,female
3500,26500,13100,14800,!,11200,6800,!,4500,2010,Barnet,female
3400,8600,5500,12500,1100,10000,5500,1200,3700,2010,Bexley,female
4900,13300,6300,11000,1200,9100,7500,!,6900,2010,Brent,female
5000,16400,11500,17400,!,12400,4500,!,1800,2010,Bromley,female
4900,15400,10800,4600,800,5100,2200,!,3500,2010,Camden,female
4900,18200,12500,13800,!,15000,9900,!,2400,2010,Croydon,female
5200,17900,10200,11700,2200,9400,7300,!,5600,2010,Ealing,female
5600,12700,5700,11500,800,10200,6100,!,3300,2010,Enfield,female
3100,11500,5500,8200,900,7500,5000,!,8000,2010,Greenwich,female
3600,15400,11400,8600,1500,4600,3700,!,6200,2010,Hackney,female
4500,8700,7900,6800,900,5200,3400,!,1900,2010,Hammersmith and Fulham,female
3300,14300,8900,7300,!,4900,5400,!,5600,2010,Haringey,female
3400,11700,8600,12700,1100,6900,4200,!,2600,2010,Harrow,female
3200,8900,5900,12800,800,5200,7000,!,3600,2010,Havering,female
3100,7400,6300,12900,!,9200,6100,2500,5000,2010,Hillingdon,female
2800,9500,8700,9600,1500,8400,6900,1300,8200,2010,Hounslow,female
2500,10100,14200,8600,!,3900,3100,!,2000,2010,Islington,female
5200,9500,7000,3700,600,4800,700,!,1700,2010,Kensington and Chelsea,female
3300,9100,6100,6600,500,5400,2900,!,3200,2010,Kingston upon Thames,female
5700,23500,15200,8400,1500,9400,5400,!,4700,2010,Lambeth,female
3500,17100,9100,10000,1400,5100,3000,1000,5000,2010,Lewisham,female
3900,13300,6900,7400,1400,5600,2300,600,2300,2010,Merton,female
3200,7100,5200,6800,1500,5400,4700,!,9300,2010,Newham,female
3800,8800,8200,10000,!,7800,5500,!,4500,2010,Redbridge,female
4500,10300,9000,6800,700,5900,3600,!,1400,2010,Richmond upon Thames,female
4600,15800,12900,11300,!,8300,6800,!,5700,2010,Southwark,female
2000,9000,7400,10600,!,5200,5500,1100,3000,2010,Sutton,female
4600,6200,12000,6100,!,4500,4000,900,2400,2010,Tower Hamlets,female
2900,10700,7600,9500,!,6900,5200,800,6300,2010,Waltham Forest,female
9100,25200,13800,9600,1000,9700,3500,!,4400,2010,Wandsworth,female
5000,11500,10000,5400,!,4500,2100,!,1400,2010,Westminster,female
1400,6000,4000,8400,600,5300,3000,!,5400,2011,Barking and Dagenham,female
5900,26900,11800,14700,1500,7400,2500,!,5400,2011,Barnet,female
4800,6400,5900,14200,700,10900,5200,800,3500,2011,Bexley,female
3900,13300,5800,10700,2300,11300,5400,1700,8400,2011,Brent,female
7600,20100,10500,15500,1600,8400,5100,!,3600,2011,Bromley,female
5000,15900,10200,3200,!,6000,1700,!,1500,2011,Camden,female
6700,16300,9300,19000,!,11800,8000,!,4200,2011,Croydon,female
5700,21000,11500,10300,2600,8000,4700,1800,5400,2011,Ealing,female
4900,16000,5600,10300,1200,9700,7400,!,4200,2011,Enfield,female
2800,11700,5900,8100,!,9200,6200,!,6900,2011,Greenwich,female
4400,17900,11500,7800,1300,5700,3400,!,6500,2011,Hackney,female
4200,10400,10600,6700,600,5500,2700,!,1500,2011,Hammersmith and Fulham,female
6100,15000,13900,4800,1200,8200,3100,!,6100,2011,Haringey,female
3500,12800,8900,11000,600,6500,2200,!,4400,2011,Harrow,female
4500,9000,8500,14700,!,7000,5600,!,4400,2011,Havering,female
4600,8100,12500,11000,1200,7500,7900,1300,6000,2011,Hillingdon,female
5000,13600,10100,10000,1100,7300,5600,!,5500,2011,Hounslow,female
5900,15300,12500,6500,600,4000,2800,!,2700,2011,Islington,female
3900,8000,8100,3300,!,3300,2000,!,1200,2011,Kensington and Chelsea,female
3700,8300,5600,7100,!,4500,4100,!,3400,2011,Kingston upon Thames,female
5000,20600,20900,7700,1200,5900,6900,!,7000,2011,Lambeth,female
3500,17700,10700,12000,!,7900,6700,!,4400,2011,Lewisham,female
2800,11800,7000,6600,1500,5000,3200,700,4500,2011,Merton,female
2800,7700,4100,3700,1200,9000,3500,1200,7600,2011,Newham,female
2600,13300,5800,9500,!,6800,4300,!,3500,2011,Redbridge,female
6900,15800,7900,4600,900,5600,3700,!,1900,2011,Richmond upon Thames,female
7100,19100,11300,7000,1500,6300,5800,!,4300,2011,Southwark,female
2100,9700,6900,9000,!,6500,4000,800,2800,2011,Sutton,female
3700,8000,11700,6200,600,2700,3800,!,5900,2011,Tower Hamlets,female
3000,10700,7500,9600,800,6200,6200,!,8600,2011,Waltham Forest,female
6500,21300,17200,14900,1300,4800,5500,!,6300,2011,Wandsworth,female
5300,15800,9300,4700,!,3000,800,!,2700,2011,Westminster,female
900,6000,3100,7800,700,5300,3100,!,4900,2012,Barking and Dagenham,female
6200,22800,10700,10900,2200,11200,4300,!,7100,2012,Barnet,female
3200,6700,7300,15900,2000,8600,5200,!,3600,2012,Bexley,female
5400,11800,8600,12200,1800,9700,7500,900,7900,2012,Brent,female
6500,14500,16200,15100,1200,10400,4500,!,4200,2012,Bromley,female
3300,15700,12800,2100,800,4500,1900,!,3600,2012,Camden,female
6500,16800,13500,19200,!,10600,6800,!,8300,2012,Croydon,female
5800,13800,13500,13200,!,7300,5700,1100,7900,2012,Ealing,female
6100,13300,6500,10700,1200,10800,6700,!,4400,2012,Enfield,female
2900,11100,6900,7800,!,11400,5600,!,9700,2012,Greenwich,female
3000,19800,10600,4800,1400,4600,3200,!,4700,2012,Hackney,female
4000,10700,10700,6400,!,5900,2300,~,1300,2012,Hammersmith and Fulham,female
6300,13400,9100,6200,1700,6900,4600,!,4400,2012,Haringey,female
4200,14100,4000,11800,800,6900,2200,900,6400,2012,Harrow,female
2400,6600,6400,14100,2400,8200,7300,!,2800,2012,Havering,female
4300,7100,7500,13100,2900,8900,5800,!,9300,2012,Hillingdon,female
3300,11100,10100,8700,1700,10700,5100,!,6100,2012,Hounslow,female
6700,17200,11800,6800,800,4500,2100,!,4200,2012,Islington,female
4400,8300,8100,3900,!,2400,1800,!,1200,2012,Kensington and Chelsea,female
2900,8700,7300,8200,800,4300,2600,!,3500,2012,Kingston upon Thames,female
7700,20600,14300,10300,!,7500,5500,!,5500,2012,Lambeth,female
5400,17600,10700,12800,!,6800,6000,!,2300,2012,Lewisham,female
3400,13200,7900,7600,!,4500,4600,!,4600,2012,Merton,female
1700,9200,6900,7800,1400,6700,6900,!,8200,2012,Newham,female
2500,15200,7100,12700,!,5700,5900,!,3800,2012,Redbridge,female
4500,15800,10800,7100,1400,6600,2200,!,1800,2012,Richmond upon Thames,female
5800,19200,16100,6000,!,6300,5200,!,5500,2012,Southwark,female
3700,11100,7200,9600,1400,6300,3700,!,3200,2012,Sutton,female
3800,10100,9300,5000,!,6200,4800,!,4700,2012,Tower Hamlets,female
4000,10500,9900,6600,1500,6900,3700,!,7400,2012,Waltham Forest,female
11800,24200,18500,11500,!,7600,4200,!,5000,2012,Wandsworth,female
7000,15700,10000,3500,1000,3000,2600,!,4600,2012,Westminster,female
1900,6300,3400,6600,700,7400,3600,!,4100,2013,Barking and Dagenham,female
7400,25000,11500,13600,1900,12100,5800,!,6200,2013,Barnet,female
1500,10700,9000,14400,1800,4700,3900,!,4200,2013,Bexley,female
4400,11700,8400,9200,1200,9800,8000,1100,6900,2013,Brent,female
8500,15800,15100,16900,1000,10700,5300,!,2700,2013,Bromley,female
5000,20900,8700,3300,!,3400,3100,!,3700,2013,Camden,female
4600,18400,16000,15200,!,15400,9300,!,8900,2013,Croydon,female
4300,14200,10500,11300,!,7200,8400,!,8200,2013,Ealing,female
5200,13200,10200,10900,2000,9900,5000,!,6200,2013,Enfield,female
3800,13400,5300,8900,!,5800,6100,!,5500,2013,Greenwich,female
6000,14900,9200,4800,2100,4900,6200,!,3600,2013,Hackney,female
5000,15600,8700,5200,600,5100,2200,!,2400,2013,Hammersmith and Fulham,female
5200,17500,9800,7700,1200,10900,2200,!,4400,2013,Haringey,female
2900,11000,5700,10200,1200,9000,3100,!,4200,2013,Harrow,female
3700,8800,5700,14100,1200,8300,4800,!,4000,2013,Havering,female
2200,11800,9600,15900,1600,11500,2800,900,6600,2013,Hillingdon,female
2800,12000,9800,9300,800,8800,5700,!,6400,2013,Hounslow,female
4600,21600,7600,7000,!,4900,2300,!,3600,2013,Islington,female
4600,8600,7300,3100,!,4000,1100,!,2600,2013,Kensington and Chelsea,female
5100,10800,4300,9100,!,4200,4000,!,4200,2013,Kingston upon Thames,female
3800,31300,19300,12000,!,9100,7800,!,3600,2013,Lambeth,female
4600,14800,12500,11900,!,11200,4500,!,4400,2013,Lewisham,female
4200,14700,8900,6600,!,7600,2300,!,3900,2013,Merton,female
2200,11400,3800,5100,1100,7900,7900,1400,12800,2013,Newham,female
4700,12900,7600,14000,900,5700,8000,1200,2800,2013,Redbridge,female
3900,14400,10500,7100,800,5900,3400,!,800,2013,Richmond upon Thames,female
3900,18500,13400,7700,1100,11000,3200,!,5000,2013,Southwark,female
2300,9700,8600,8100,1100,6600,4400,!,5100,2013,Sutton,female
3400,13300,8300,7200,!,3800,5700,!,5500,2013,Tower Hamlets,female
3000,13700,7000,9100,1400,5500,6100,800,7600,2013,Waltham Forest,female
12400,23300,20500,11100,1700,6100,4500,!,3500,2013,Wandsworth,female
5600,14700,10800,4900,!,4800,2000,!,3000,2013,Westminster,female
1500,4100,3000,6100,!,9900,4500,1000,6300,2015,Barking and Dagenham,female
10400,20600,10700,13100,2000,14000,4700,!,6800,2015,Barnet,female
3800,10600,9900,13000,!,7600,5200,!,3200,2015,Bexley,female
5500,13500,10500,9600,1300,7400,6700,1800,11400,2015,Brent,female
5300,20200,16700,11700,1800,10700,5200,!,3900,2015,Bromley,female
3000,22500,13500,5600,1900,5000,2700,!,3400,2015,Camden,female
9300,17400,12900,16500,2200,14600,7400,1400,8500,2015,Croydon,female
4900,13800,15200,12600,900,7700,5100,1000,11500,2015,Ealing,female
3500,17000,7500,11300,1700,16600,7300,1800,5400,2015,Enfield,female
5500,12200,9500,5900,2300,12600,4900,!,8200,2015,Greenwich,female
7000,16600,12100,6800,2600,7600,5100,800,5800,2015,Hackney,female
5900,15400,9700,5200,!,5100,3400,500,2600,2015,Hammersmith and Fulham,female
2600,18000,14300,5900,1800,7800,4900,!,8100,2015,Haringey,female
2600,11900,7300,11100,!,8200,3700,!,5200,2015,Harrow,female
4600,10800,8200,11100,1000,11800,5300,1300,4300,2015,Havering,female
4300,13100,8900,15400,1000,8900,6100,1000,7400,2015,Hillingdon,female
5200,10100,9300,10100,1500,6700,5900,!,7400,2015,Hounslow,female
6600,18200,12300,4700,!,4900,5300,!,4900,2015,Islington,female
4700,10000,9500,2500,600,3000,1800,!,1800,2015,Kensington and Chelsea,female
3000,10200,5900,6800,800,6700,2900,!,3100,2015,Kingston upon Thames,female
8900,25200,15400,12200,!,14800,6700,!,7100,2015,Lambeth,female
8100,17400,14400,8900,1300,11000,9900,!,5900,2015,Lewisham,female
4100,13100,10000,7100,1200,6900,4500,!,2300,2015,Merton,female
2400,9400,8000,6200,!,10100,7400,1200,14700,2015,Newham,female
4700,13700,7800,13000,!,7100,5100,!,4600,2015,Redbridge,female
4300,18700,9600,8100,1100,4300,2400,!,1200,2015,Richmond upon Thames,female
8400,22300,11400,9700,!,11200,4100,!,10700,2015,Southwark,female
4800,11100,3700,12400,!,8300,5200,!,2200,2015,Sutton,female
3300,14900,11000,7700,!,10400,6400,!,6500,2015,Tower Hamlets,female
5400,17500,11200,7600,!,6900,6700,!,7100,2015,Waltham Forest,female
9900,24500,20000,14700,!,11000,3400,!,1700,2015,Wandsworth,female
7300,12000,13300,8100,1300,3000,2700,!,4400,2015,Westminster,female
1300,7700,2900,6400,900,9200,5600,600,5600,2016,Barking and Dagenham,female
12700,21700,10500,15200,2000,12000,3800,!,3000,2016,Barnet,female
4000,10700,11300,14100,1300,6800,6500,!,3600,2016,Bexley,female
4100,12100,7700,7900,1200,9600,6900,1900,12500,2016,Brent,female
5400,22900,12800,12700,2900,7600,4400,!,6200,2016,Bromley,female
5300,25000,12500,5300,!,3600,2100,!,4100,2016,Camden,female
9300,16700,13700,18000,!,17600,6000,1100,6600,2016,Croydon,female
3400,21700,13000,9200,1900,10100,7900,1200,9700,2016,Ealing,female
5600,16900,10200,13800,!,12500,8500,!,4800,2016,Enfield,female
5100,14900,8700,11000,1700,8600,7300,!,5500,2016,Greenwich,female
4500,18700,15100,5900,1300,8300,4400,800,6900,2016,Hackney,female
7300,10300,9000,4800,1600,5500,5100,!,4200,2016,Hammersmith and Fulham,female
6200,20700,11500,5200,1500,7800,6000,!,7300,2016,Haringey,female
4700,12700,7200,8900,1200,7100,5700,!,5000,2016,Harrow,female
3600,13200,8100,12800,1000,11900,4500,1000,5500,2016,Havering,female
5000,18700,10000,12700,!,9000,6300,!,6200,2016,Hillingdon,female
5100,10200,8900,6900,1200,8300,6900,!,9300,2016,Hounslow,female
3900,20200,12600,6600,1300,6000,3400,!,3700,2016,Islington,female
5900,8400,10000,2800,!,3700,2200,!,1600,2016,Kensington and Chelsea,female
2900,14400,6200,6600,1300,3200,2200,!,5100,2016,Kingston upon Thames,female
8200,24200,21900,9500,!,13800,10600,!,8400,2016,Lambeth,female
6700,19700,10600,10700,!,9900,9300,!,3900,2016,Lewisham,female
2600,15300,7200,8500,!,6200,4000,!,4100,2016,Merton,female
3500,15100,9400,7400,1300,10400,4500,1200,12700,2016,Newham,female
4800,15500,6600,11600,1400,7300,5300,900,5900,2016,Redbridge,female
9000,18300,12500,6300,900,4500,2900,!,!,2016,Richmond upon Thames,female
10500,18900,17900,10600,!,6300,6400,!,9200,2016,Southwark,female
4200,9200,9100,10800,800,6100,5800,!,3900,2016,Sutton,female
5200,18900,12000,7700,!,3700,6400,1900,6900,2016,Tower Hamlets,female
4600,14500,8800,7800,1200,11200,5500,!,7300,2016,Waltham Forest,female
14000,25400,24200,9800,!,10700,4300,!,2500,2016,Wandsworth,female
8000,12000,10100,7100,!,3700,3800,!,4100,2016,Westminster,female
1300,7800,1900,7100,900,9000,6000,!,6600,2017,Barking and Dagenham,female
8600,31800,14500,14600,2100,10900,5000,1700,4300,2017,Barnet,female
4400,9500,8100,17700,1800,8300,5000,!,4600,2017,Bexley,female
3700,15000,7100,10000,2100,9900,5500,2600,12000,2017,Brent,female
7700,20500,9700,16700,1800,10800,4200,!,5300,2017,Bromley,female
6100,22000,12800,6300,1400,2600,3200,!,4100,2017,Camden,female
8900,20500,13200,16800,!,16400,8400,!,6100,2017,Croydon,female
5300,25500,7700,12100,!,9700,9900,!,11600,2017,Ealing,female
5300,17600,8300,15100,!,12900,8200,!,6000,2017,Enfield,female
6900,19000,9600,7200,2400,7500,4900,!,4300,2017,Greenwich,female
7200,22200,14600,7200,1100,7000,4400,!,3400,2017,Hackney,female
7100,13400,9900,5400,800,5800,4000,!,2900,2017,Hammersmith and Fulham,female
4300,19200,10200,6100,1900,5800,5300,!,9800,2017,Haringey,female
4800,15800,7900,9500,!,5200,6400,!,8100,2017,Harrow,female
1800,16200,7700,13900,1700,10400,3700,!,4100,2017,Havering,female
6300,17500,10100,9200,!,9600,9800,1200,5000,2017,Hillingdon,female
8500,7800,12200,8600,1200,8800,7300,1100,4500,2017,Hounslow,female
8400,19400,15600,5100,1200,5700,4200,!,2400,2017,Islington,female
5500,8700,8600,4300,!,5900,1500,!,~,2017,Kensington and Chelsea,female
2700,13900,5300,6000,1200,7700,3800,!,2800,2017,Kingston upon Thames,female
11900,33500,13000,15200,!,10600,5700,!,8100,2017,Lambeth,female
7700,19900,16600,9900,1200,9800,8300,!,8800,2017,Lewisham,female
6200,13000,9400,7300,!,8300,4600,!,4800,2017,Merton,female
3300,15300,6200,4000,!,9900,10900,!,12100,2017,Newham,female
5400,13800,8800,12000,!,9100,4100,1200,5300,2017,Redbridge,female
5300,13000,13900,5900,!,4900,2700,800,2500,2017,Richmond upon Thames,female
8100,25900,20200,7500,!,7900,4200,!,11100,2017,Southwark,female
2600,15200,6600,11200,900,6500,3500,!,3500,2017,Sutton,female
4300,15000,12100,7700,1300,3000,6800,!,4900,2017,Tower Hamlets,female
3700,15000,11600,11100,1800,7600,4300,1100,8400,2017,Waltham Forest,female
14600,30800,24200,9600,!,7300,6400,1300,4000,2017,Wandsworth,female
5300,14300,10800,7400,1100,3200,2500,!,2300,2017,Westminster,female
