Code,Area,Year,Births,1_year_survival_number,1_year_survival_%,2_year_survival_number,2_year_survival_%,3_year_survival_number,3_year_survival_%,4_year_survival_number,4_year_survival_%,5_year_survival_number,5_year_survival_%
E09000001,City of London,2002,"1,145","1,025",90,915,80,760,66,660,58,600,52
E09000002,Barking and Dagenham,2002,435,410,94,335,77,250,57,205,47,175,40
E09000003,Barnet,2002,"2,330","2,185",94,"1,805",77,"1,290",55,"1,030",44,855,37
E09000004,Bexley,2002,765,710,93,595,78,470,61,385,50,325,42
E09000005,Brent,2002,"1,635","1,530",94,"1,135",69,810,50,625,38,525,32
E09000006,Bromley,2002,"1,280","1,195",93,"1,025",80,825,64,665,52,565,44
E09000007,Camden,2002,"2,580","2,400",93,"1,965",76,"1,485",58,"1,210",47,"1,045",41
E09000008,Croydon,2002,"1,395","1,300",93,"1,080",77,805,58,655,47,560,40
E09000009,Ealing,2002,"1,775","1,665",94,"1,325",75,"1,020",57,830,47,725,41
E09000010,Enfield,2002,"1,170","1,080",92,905,77,685,59,560,48,465,40
E09000011,Greenwich,2002,770,720,94,590,77,450,58,350,45,285,37
E09000012,Hackney,2002,"1,330","1,235",93,"1,030",77,770,58,610,46,530,40
E09000013,Hammersmith and Fulham,2002,"2,095","1,950",93,"1,335",64,940,45,725,35,600,29
E09000014,Haringey,2002,"1,180","1,100",93,865,73,630,53,490,42,420,36
E09000015,Harrow,2002,"1,210","1,125",93,975,81,740,61,605,50,520,43
E09000016,Havering,2002,860,800,93,685,80,535,62,435,51,370,43
E09000017,Hillingdon,2002,"1,070",975,91,835,78,625,58,525,49,430,40
E09000018,Hounslow,2002,"1,115","1,040",93,845,76,630,57,520,47,440,39
E09000019,Islington,2002,"1,625","1,505",93,"1,235",76,935,58,755,46,650,40
E09000020,Kensington and Chelsea,2002,"1,405","1,300",93,"1,095",78,865,62,720,51,615,44
E09000021,Kingston upon Thames,2002,785,730,93,635,81,485,62,390,50,340,43
E09000022,Lambeth,2002,"1,415","1,330",94,"1,030",73,775,55,635,45,535,38
E09000023,Lewisham,2002,910,840,92,665,73,500,55,390,43,325,36
E09000024,Merton,2002,"1,140","1,060",93,820,72,600,53,445,39,380,33
E09000025,Newham,2002,820,765,93,600,73,430,52,325,40,265,32
E09000026,Redbridge,2002,"1,060",970,92,820,77,580,55,475,45,400,38
E09000027,Richmond upon Thames,2002,"1,320","1,230",93,"1,055",80,870,66,710,54,590,45
E09000028,Southwark,2002,"1,495","1,385",93,"1,135",76,870,58,695,46,600,40
E09000029,Sutton,2002,700,655,94,570,81,450,64,355,51,290,41
E09000030,Tower Hamlets,2002,"1,440","1,335",93,"1,075",75,790,55,630,44,520,36
E09000031,Waltham Forest,2002,980,920,94,720,73,500,51,380,39,315,32
E09000032,Wandsworth,2002,"2,040","1,910",94,"1,375",67,"1,015",50,790,39,660,32
E09000033,Westminster,2002,"5,555","5,065",91,"4,250",77,"3,255",59,"2,580",46,"2,200",40
E13000001,Inner London,2002,"25,035","23,145",92,"18,570",74,"14,020",56,"11,215",45,"9,565",38
E13000002,Outer London,2002,"21,795","20,300",93,"16,755",77,"12,620",58,"10,145",47,"8,555",39
E12000001,North East,2002,"6,730","6,300",94,"5,270",78,"4,175",62,"3,465",51,"2,990",44
E12000002,North West,2002,"24,625","22,820",93,"19,535",79,"15,420",63,"12,740",52,"11,025",45
E12000003,Yorkshire And The Humber,2002,"17,155","16,045",94,"13,635",79,"10,975",64,"9,130",53,"7,850",46
E12000004,East Midlands,2002,"16,390","15,290",93,"13,215",81,"10,520",64,"8,740",53,"7,605",46
E12000005,West Midlands,2002,"19,645","18,090",92,"15,550",79,"12,415",63,"10,400",53,"9,025",46
E12000006,East,2002,"24,375","22,750",93,"19,600",80,"15,780",65,"13,290",55,"11,530",47
E12000007,London,2002,"46,830","43,445",93,"35,325",75,"26,640",57,"21,360",46,"18,120",39
E12000008,South East,2002,"38,310","35,660",93,"31,310",82,"25,315",66,"20,545",54,"17,865",47
E12000009,South West,2002,"21,000","19,380",92,"16,825",80,"13,655",65,"11,475",55,"9,995",48
E92000001,England,2002,"215,060","199,780",93,"170,265",79,"134,895",63,"111,145",52,"96,005",45
W92000004,Wales,2002,"8,970","8,195",91,"6,970",78,"5,590",62,"4,630",52,"4,020",45
S92000003,Scotland,2002,"14,180","13,295",94,"11,390",80,"9,020",64,"7,465",53,"6,470",46
N92000002,Northern Ireland,2002,"4,325","4,075",94,"3,600",83,"2,995",69,"2,665",62,"2,400",55
K04000001,England And Wales,2002,"224,030","207,975",93,"177,235",79,"140,485",63,"115,775",52,"100,025",45
K03000001,Great Britain,2002,"238,210","221,270",93,"188,625",79,"149,505",63,"123,240",52,"106,495",45
K02000001,United Kingdom,2002,"242,535","225,345",93,"192,225",79,"152,500",63,"125,905",52,"108,895",45
E09000001,City of London,2003,"1,110","1,025",92,865,78,760,68,665,60,585,53
E09000002,Barking and Dagenham,2003,460,415,90,340,74,255,55,205,45,180,39
E09000003,Barnet,2003,"2,370","2,170",92,"1,705",72,"1,275",54,"1,055",45,905,38
E09000004,Bexley,2003,780,720,92,600,77,465,60,390,50,340,44
E09000005,Brent,2003,"1,690","1,540",91,"1,165",69,885,52,710,42,575,34
E09000006,Bromley,2003,"1,270","1,170",92,990,78,810,64,670,53,585,46
E09000007,Camden,2003,"2,670","2,440",91,"1,980",74,"1,565",59,"1,310",49,"1,120",42
E09000008,Croydon,2003,"1,405","1,290",92,"1,070",76,830,59,690,49,580,41
E09000009,Ealing,2003,"2,065","1,875",91,"1,470",71,"1,115",54,890,43,725,35
E09000010,Enfield,2003,"1,230","1,150",93,935,76,740,60,615,50,515,42
E09000011,Greenwich,2003,755,705,93,570,75,435,58,360,48,300,40
E09000012,Hackney,2003,"1,360","1,270",93,"1,040",76,810,60,680,50,585,43
E09000013,Hammersmith and Fulham,2003,"1,760","1,585",90,"1,220",69,910,52,725,41,575,33
E09000014,Haringey,2003,"1,255","1,145",91,885,71,680,54,555,44,450,36
E09000015,Harrow,2003,"1,215","1,140",94,925,76,750,62,615,51,520,43
E09000016,Havering,2003,855,790,92,670,78,540,63,455,53,395,46
E09000017,Hillingdon,2003,"1,145","1,050",92,875,76,685,60,575,50,480,42
E09000018,Hounslow,2003,"1,225","1,115",91,930,76,745,61,610,50,500,41
E09000019,Islington,2003,"1,645","1,500",91,"1,230",75,980,60,790,48,675,41
E09000020,Kensington and Chelsea,2003,"1,515","1,390",92,"1,115",74,890,59,755,50,645,43
E09000021,Kingston upon Thames,2003,775,740,95,625,81,505,65,435,56,375,48
E09000022,Lambeth,2003,"1,485","1,340",90,"1,035",70,780,53,635,43,525,35
E09000023,Lewisham,2003,910,835,92,680,75,525,58,420,46,345,38
E09000024,Merton,2003,"1,195","1,085",91,840,70,645,54,530,44,445,37
E09000025,Newham,2003,870,805,93,615,71,455,52,375,43,320,37
E09000026,Redbridge,2003,"1,115","1,030",92,815,73,605,54,495,44,405,36
E09000027,Richmond upon Thames,2003,"1,365","1,270",93,"1,080",79,870,64,740,54,645,47
E09000028,Southwark,2003,"1,650","1,500",91,"1,235",75,970,59,785,48,675,41
E09000029,Sutton,2003,670,625,93,525,78,430,64,360,54,320,48
E09000030,Tower Hamlets,2003,"1,500","1,375",92,"1,090",73,845,56,705,47,595,40
E09000031,Waltham Forest,2003,"1,035",970,94,780,75,585,57,485,47,420,41
E09000032,Wandsworth,2003,"2,395","2,120",89,"1,630",68,"1,175",49,925,39,770,32
E09000033,Westminster,2003,"6,065","5,495",91,"4,440",73,"3,065",51,"2,545",42,"2,170",36
E13000001,Inner London,2003,"26,190","23,825",91,"19,060",73,"14,410",55,"11,870",45,"10,035",38
E13000002,Outer London,2003,"22,620","20,850",92,"16,910",75,"13,170",58,"10,885",48,"9,210",41
E12000001,North East,2003,"7,390","6,820",92,"5,715",77,"4,620",63,"3,935",53,"3,355",45
E12000002,North West,2003,"27,735","25,640",92,"21,620",78,"17,800",64,"15,290",55,"13,090",47
E12000003,Yorkshire And The Humber,2003,"20,065","18,675",93,"15,830",79,"13,000",65,"11,055",55,"9,415",47
E12000004,East Midlands,2003,"17,975","16,735",93,"14,165",79,"11,605",65,"9,935",55,"8,615",48
E12000005,West Midlands,2003,"22,090","20,430",92,"17,360",79,"14,315",65,"12,300",56,"10,495",48
E12000006,East,2003,"26,140","24,280",93,"20,700",79,"17,210",66,"14,870",57,"12,835",49
E12000007,London,2003,"48,810","44,675",92,"35,970",74,"27,580",57,"22,755",47,"19,245",39
E12000008,South East,2003,"41,855","39,045",93,"33,515",80,"27,755",66,"23,740",57,"20,570",49
E12000009,South West,2003,"24,160","22,365",93,"19,230",80,"16,050",66,"13,860",57,"11,900",49
E92000001,England,2003,"236,220","218,665",93,"184,105",78,"149,935",63,"127,740",54,"109,520",46
W92000004,Wales,2003,"11,045","10,150",92,"8,605",78,"7,110",64,"6,100",55,"5,180",47
S92000003,Scotland,2003,"15,315","14,275",93,"11,985",78,"9,715",63,"8,275",54,"7,275",48
N92000002,Northern Ireland,2003,"4,415","4,195",95,"3,615",82,"3,115",71,"2,745",62,"2,480",56
K04000001,England And Wales,2003,"247,265","228,815",93,"192,710",78,"157,045",64,"133,840",54,"114,700",46
K03000001,Great Britain,2003,"262,580","243,090",93,"204,695",78,"166,760",64,"142,115",54,"121,975",46
K02000001,United Kingdom,2003,"266,995","247,285",93,"208,310",78,"169,875",64,"144,860",54,"124,455",47
E09000001,City of London,2004,"1,175","1,075",91,920,78,795,68,695,59,620,53
E09000002,Barking and Dagenham,2004,480,460,96,370,77,290,60,235,49,185,39
E09000003,Barnet,2004,"2,435","2,285",94,"1,745",72,"1,385",57,"1,145",47,960,39
E09000004,Bexley,2004,940,885,94,735,78,565,60,475,51,415,44
E09000005,Brent,2004,"1,800","1,670",93,"1,290",72,995,55,810,45,695,39
E09000006,Bromley,2004,"1,590","1,510",95,"1,265",80,"1,015",64,855,54,745,47
E09000007,Camden,2004,"2,840","2,690",95,"2,205",78,"1,810",64,"1,530",54,"1,350",48
E09000008,Croydon,2004,"1,630","1,525",94,"1,240",76,"1,000",61,820,50,700,43
E09000009,Ealing,2004,"2,115","1,990",94,"1,560",74,"1,210",57,980,46,820,39
E09000010,Enfield,2004,"1,400","1,325",95,"1,080",77,855,61,700,50,600,43
E09000011,Greenwich,2004,975,925,95,750,77,590,61,470,48,390,40
E09000012,Hackney,2004,"1,445","1,360",94,"1,100",76,875,61,740,51,640,44
E09000013,Hammersmith and Fulham,2004,"1,865","1,740",93,"1,315",71,985,53,790,42,660,35
E09000014,Haringey,2004,"1,345","1,260",94,985,73,780,58,660,49,550,41
E09000015,Harrow,2004,"1,370","1,300",95,"1,045",76,845,62,705,51,595,43
E09000016,Havering,2004,"1,055","1,000",95,840,80,660,63,555,53,460,44
E09000017,Hillingdon,2004,"1,215","1,150",95,950,78,770,63,650,53,555,46
E09000018,Hounslow,2004,"1,310","1,225",94,995,76,780,60,640,49,530,40
E09000019,Islington,2004,"1,870","1,755",94,"1,405",75,"1,120",60,920,49,780,42
E09000020,Kensington and Chelsea,2004,"1,660","1,560",94,"1,255",76,"1,030",62,860,52,750,45
E09000021,Kingston upon Thames,2004,880,835,95,680,77,555,63,455,52,380,43
E09000022,Lambeth,2004,"1,850","1,745",94,"1,385",75,"1,080",58,870,47,725,39
E09000023,Lewisham,2004,"1,135","1,070",94,880,78,660,58,545,48,465,41
E09000024,Merton,2004,"1,205","1,135",94,900,75,685,57,550,46,470,39
E09000025,Newham,2004,965,905,94,685,71,525,54,420,44,360,37
E09000026,Redbridge,2004,"1,330","1,250",94,980,74,770,58,625,47,520,39
E09000027,Richmond upon Thames,2004,"1,475","1,410",96,"1,190",81,"1,015",69,860,58,730,49
E09000028,Southwark,2004,"1,945","1,820",94,"1,475",76,"1,160",60,950,49,780,40
E09000029,Sutton,2004,855,805,94,675,79,550,64,455,53,380,44
E09000030,Tower Hamlets,2004,"1,855","1,760",95,"1,425",77,"1,125",61,930,50,770,42
E09000031,Waltham Forest,2004,"1,130","1,050",93,830,73,635,56,520,46,420,37
E09000032,Wandsworth,2004,"2,630","2,455",93,"1,895",72,"1,455",55,"1,155",44,960,37
E09000033,Westminster,2004,"5,850","5,450",93,"4,410",75,"3,600",62,"2,985",51,"2,530",43
E13000001,Inner London,2004,"28,430","26,645",94,"21,340",75,"17,000",60,"14,050",49,"11,940",42
E13000002,Outer London,2004,"25,190","23,735",94,"19,120",76,"15,170",60,"12,505",50,"10,550",42
E12000001,North East,2004,"7,645","7,150",94,"5,880",77,"4,925",64,"4,080",53,"3,485",46
E12000002,North West,2004,"28,845","27,145",94,"22,810",79,"19,100",66,"15,950",55,"13,505",47
E12000003,Yorkshire And The Humber,2004,"20,470","19,295",94,"16,045",78,"13,295",65,"11,060",54,"9,385",46
E12000004,East Midlands,2004,"18,805","17,770",94,"15,010",80,"12,560",67,"10,630",57,"9,130",49
E12000005,West Midlands,2004,"23,010","21,660",94,"18,165",79,"15,145",66,"12,625",55,"10,805",47
E12000006,East,2004,"27,600","26,025",94,"22,010",80,"18,505",67,"15,490",56,"13,350",48
E12000007,London,2004,"53,620","50,380",94,"40,460",75,"32,170",60,"26,555",50,"22,490",42
E12000008,South East,2004,"44,345","41,915",95,"35,545",80,"29,675",67,"25,030",56,"21,595",49
E12000009,South West,2004,"24,110","22,820",95,"19,620",81,"16,600",69,"14,025",58,"12,110",50
E92000001,England,2004,"248,450","234,160",94,"195,545",79,"161,975",65,"135,445",55,"115,855",47
W92000004,Wales,2004,"11,525","10,850",94,"9,150",79,"7,730",67,"6,455",56,"5,460",47
S92000003,Scotland,2004,"14,375","13,535",94,"11,180",78,"9,245",64,"7,925",55,"6,830",48
N92000002,Northern Ireland,2004,"5,730","5,350",93,"4,545",79,"3,860",67,"3,370",59,"3,030",53
K04000001,England And Wales,2004,"259,975","245,010",94,"204,695",79,"169,705",65,"141,900",55,"121,315",47
K03000001,Great Britain,2004,"274,350","258,545",94,"215,875",79,"178,950",65,"149,825",55,"128,145",47
K02000001,United Kingdom,2004,"280,080","263,895",94,"220,420",79,"182,810",65,"153,195",55,"131,175",47
E09000001,City of London,2005,"1,305","1,225",94,"1,060",81,850,65,640,49,565,43
E09000002,Barking and Dagenham,2005,500,475,95,385,77,285,57,225,45,170,34
E09000003,Barnet,2005,"2,425","2,310",95,"1,885",78,"1,475",61,"1,240",51,"1,030",42
E09000004,Bexley,2005,900,855,95,705,78,580,64,490,54,410,45
E09000005,Brent,2005,"1,740","1,630",94,"1,315",76,"1,045",60,880,51,695,40
E09000006,Bromley,2005,"1,500","1,425",95,"1,190",79,965,64,795,53,635,42
E09000007,Camden,2005,"2,570","2,420",94,"1,990",77,"1,625",63,"1,345",52,"1,110",43
E09000008,Croydon,2005,"1,525","1,440",94,"1,180",77,915,60,760,50,640,42
E09000009,Ealing,2005,"1,885","1,810",96,"1,455",77,"1,120",59,895,47,705,37
E09000010,Enfield,2005,"1,380","1,325",96,"1,105",80,880,64,750,54,540,39
E09000011,Greenwich,2005,"1,000",955,96,795,80,625,63,505,51,405,41
E09000012,Hackney,2005,"1,360","1,285",94,"1,080",79,855,63,695,51,575,43
E09000013,Hammersmith and Fulham,2005,"1,745","1,635",94,"1,285",74,980,56,775,44,605,35
E09000014,Haringey,2005,"1,285","1,215",95,940,73,735,57,605,47,490,38
E09000015,Harrow,2005,"1,325","1,260",95,"1,060",80,840,63,690,52,545,41
E09000016,Havering,2005,895,855,96,725,81,585,65,495,55,395,44
E09000017,Hillingdon,2005,"1,105","1,035",94,865,78,705,64,580,52,465,42
E09000018,Hounslow,2005,"1,325","1,260",95,"1,055",80,795,60,660,50,540,41
E09000019,Islington,2005,"1,890","1,795",95,"1,500",79,"1,220",65,"1,005",53,745,40
E09000020,Kensington and Chelsea,2005,"1,490","1,395",94,"1,180",79,960,64,785,53,640,43
E09000021,Kingston upon Thames,2005,865,830,96,715,83,560,65,465,54,365,42
E09000022,Lambeth,2005,"1,580","1,495",95,"1,205",76,950,60,780,49,615,39
E09000023,Lewisham,2005,"1,070","1,005",94,815,76,630,59,505,47,405,38
E09000024,Merton,2005,"1,200","1,140",95,910,76,700,58,560,47,440,37
E09000025,Newham,2005,"1,950","1,895",97,"1,720",88,"1,000",51,420,22,325,17
E09000026,Redbridge,2005,"1,225","1,145",93,925,76,710,58,595,49,460,38
E09000027,Richmond upon Thames,2005,"1,345","1,280",95,"1,115",83,910,68,765,57,615,46
E09000028,Southwark,2005,"1,760","1,675",95,"1,415",80,"1,115",63,925,53,735,42
E09000029,Sutton,2005,795,750,94,650,82,535,67,460,58,375,47
E09000030,Tower Hamlets,2005,"1,705","1,610",94,"1,335",78,"1,050",62,845,50,610,36
E09000031,Waltham Forest,2005,"1,110","1,035",93,825,74,635,57,510,46,395,36
E09000032,Wandsworth,2005,"2,230","2,095",94,"1,675",75,"1,275",57,"1,035",46,830,37
E09000033,Westminster,2005,"5,300","4,990",94,"4,090",77,"3,295",62,"2,745",52,"2,285",43
E13000001,Inner London,2005,"27,240","25,735",94,"21,290",78,"16,540",61,"13,105",48,"10,535",39
E13000002,Outer London,2005,"24,045","22,815",95,"18,860",78,"14,865",62,"12,320",51,"9,825",41
E12000001,North East,2005,"7,655","7,165",94,"6,065",79,"4,855",63,"3,970",52,"3,305",43
E12000002,North West,2005,"29,220","27,630",95,"23,450",80,"18,930",65,"15,705",54,"12,625",43
E12000003,Yorkshire And The Humber,2005,"19,930","18,555",93,"15,535",78,"12,465",63,"10,320",52,"8,570",43
E12000004,East Midlands,2005,"19,140","18,005",94,"15,290",80,"12,520",65,"10,500",55,"8,640",45
E12000005,West Midlands,2005,"23,115","21,820",94,"18,540",80,"14,930",65,"12,490",54,"10,215",44
E12000006,East,2005,"26,195","24,640",94,"21,080",80,"17,285",66,"14,515",55,"12,065",46
E12000007,London,2005,"51,285","48,550",95,"40,150",78,"31,405",61,"25,425",50,"20,360",40
E12000008,South East,2005,"42,555","40,315",95,"34,775",82,"28,700",67,"23,985",56,"19,930",47
E12000009,South West,2005,"22,315","21,085",94,"18,050",81,"14,900",67,"12,735",57,"10,735",48
E92000001,England,2005,"241,410","227,765",94,"192,935",80,"155,990",65,"129,645",54,"106,445",44
W92000004,Wales,2005,"10,875","10,235",94,"8,665",80,"7,000",64,"5,830",54,"4,825",44
S92000003,Scotland,2005,"16,935","15,815",93,"13,115",77,"10,845",64,"9,125",54,"7,720",46
N92000002,Northern Ireland,2005,"5,635","5,325",94,"4,615",82,"4,005",71,"3,520",62,"3,040",54
K04000001,England And Wales,2005,"252,285","238,000",94,"201,600",80,"162,990",65,"135,475",54,"111,270",44
K03000001,Great Britain,2005,"269,220","253,815",94,"214,715",80,"173,835",65,"144,600",54,"118,990",44
K02000001,United Kingdom,2005,"274,855","259,140",94,"219,330",80,"177,840",65,"148,120",54,"122,030",44
E09000001,City of London,2006,"1,225","1,170",96,"1,005",82,860,70,700,57,615,50
E09000002,Barking and Dagenham,2006,485,465,96,390,80,305,63,230,48,190,39
E09000003,Barnet,2006,"2,150","2,050",95,"1,650",77,"1,340",62,"1,090",51,905,42
E09000004,Bexley,2006,895,870,97,745,83,620,69,490,55,410,46
E09000005,Brent,2006,"1,565","1,495",96,"1,205",77,935,60,720,46,595,38
E09000006,Bromley,2006,"1,515","1,445",95,"1,240",82,"1,030",68,815,54,680,45
E09000007,Camden,2006,"2,485","2,385",96,"1,950",78,"1,570",63,"1,245",50,"1,060",43
E09000008,Croydon,2006,"1,580","1,490",94,"1,185",75,955,60,750,47,610,39
E09000009,Ealing,2006,"1,775","1,710",96,"1,400",79,"1,110",63,855,48,725,41
E09000010,Enfield,2006,"1,385","1,320",95,"1,085",78,895,65,660,48,550,40
E09000011,Greenwich,2006,940,885,94,740,79,580,62,445,48,375,40
E09000012,Hackney,2006,"1,330","1,270",95,"1,045",79,860,65,670,51,575,43
E09000013,Hammersmith and Fulham,2006,"1,470","1,400",95,"1,115",76,895,61,690,47,545,37
E09000014,Haringey,2006,"1,130","1,080",96,870,77,690,61,550,48,470,42
E09000015,Harrow,2006,"1,200","1,165",97,965,80,785,65,620,52,540,45
E09000016,Havering,2006,885,850,96,720,81,610,69,475,54,390,44
E09000017,Hillingdon,2006,"1,165","1,125",97,930,80,745,64,585,50,490,42
E09000018,Hounslow,2006,"1,175","1,120",95,945,80,760,65,605,51,480,41
E09000019,Islington,2006,"1,640","1,580",96,"1,290",79,"1,080",66,870,53,735,45
E09000020,Kensington and Chelsea,2006,"1,445","1,405",97,"1,175",81,970,67,790,55,655,45
E09000021,Kingston upon Thames,2006,850,830,98,695,82,555,65,460,54,390,46
E09000022,Lambeth,2006,"1,520","1,465",96,"1,180",78,945,62,715,47,595,39
E09000023,Lewisham,2006,"1,065","1,025",96,840,79,685,64,530,50,440,41
E09000024,Merton,2006,"1,240","1,175",95,950,77,760,61,580,47,490,40
E09000025,Newham,2006,900,870,97,680,76,515,57,390,44,315,35
E09000026,Redbridge,2006,"1,310","1,250",95,975,74,755,58,560,43,450,34
E09000027,Richmond upon Thames,2006,"1,280","1,240",97,"1,040",81,840,66,675,53,580,45
E09000028,Southwark,2006,"1,775","1,710",96,"1,410",79,"1,115",63,855,48,720,41
E09000029,Sutton,2006,810,785,97,665,82,550,68,450,56,395,49
E09000030,Tower Hamlets,2006,"1,585","1,530",97,"1,250",79,"1,000",63,785,49,650,41
E09000031,Waltham Forest,2006,"1,155","1,110",96,895,77,710,61,485,42,385,33
E09000032,Wandsworth,2006,"1,995","1,915",96,"1,570",79,"1,255",63,965,48,805,40
E09000033,Westminster,2006,"4,965","4,760",96,"3,930",79,"3,240",65,"2,580",52,"2,220",45
E13000001,Inner London,2006,"24,530","23,565",96,"19,310",79,"15,680",64,"12,335",50,"10,400",42
E13000002,Outer London,2006,"23,360","22,380",96,"18,420",79,"14,840",64,"11,550",49,"9,630",41
E12000001,North East,2006,"7,090","6,855",97,"5,680",80,"4,570",64,"3,695",52,"3,090",44
E12000002,North West,2006,"27,265","26,335",97,"21,845",80,"17,775",65,"14,025",51,"11,735",43
E12000003,Yorkshire And The Humber,2006,"18,555","17,890",96,"14,770",80,"11,890",64,"9,500",51,"7,960",43
E12000004,East Midlands,2006,"17,715","17,135",97,"14,380",81,"11,875",67,"9,435",53,"7,970",45
E12000005,West Midlands,2006,"21,025","20,305",97,"16,985",81,"14,005",67,"11,160",53,"9,395",45
E12000006,East,2006,"25,055","24,090",96,"20,310",81,"16,670",67,"13,555",54,"11,510",46
E12000007,London,2006,"47,890","45,945",96,"37,730",79,"30,520",64,"23,885",50,"20,030",42
E12000008,South East,2006,"39,195","38,005",97,"32,430",83,"26,975",69,"22,055",56,"18,720",48
E12000009,South West,2006,"21,330","20,655",97,"17,555",82,"14,725",69,"12,085",57,"10,425",49
E92000001,England,2006,"225,120","217,215",96,"181,685",81,"149,005",66,"119,395",53,"100,835",45
W92000004,Wales,2006,"9,760","9,420",97,"7,855",80,"6,370",65,"5,125",53,"4,320",44
S92000003,Scotland,2006,"15,070","14,545",97,"12,100",80,"9,900",66,"8,200",54,"6,980",46
N92000002,Northern Ireland,2006,"5,580","5,330",96,"4,520",81,"3,920",70,"3,340",60,"2,820",51
K04000001,England And Wales,2006,"234,880","226,635",96,"189,540",81,"155,375",66,"124,520",53,"105,155",45
K03000001,Great Britain,2006,"249,950","241,180",96,"201,640",81,"165,275",66,"132,720",53,"112,135",45
K02000001,United Kingdom,2006,"255,530","246,510",96,"206,160",81,"169,195",66,"136,060",53,"114,955",45
E09000001,City of London,2007,"1,305","1,260",97,"1,080",83,860,66,730,56,650,50
E09000002,Barking and Dagenham,2007,510,505,99,405,79,290,57,225,44,195,38
E09000003,Barnet,2007,"2,305","2,300",100,"1,890",82,"1,380",60,"1,135",49,980,43
E09000004,Bexley,2007,870,835,96,690,79,535,62,430,49,375,43
E09000005,Brent,2007,"1,750","1,660",95,"1,330",76,970,56,825,47,695,40
E09000006,Bromley,2007,"1,750","1,655",95,"1,445",83,"1,075",61,885,51,765,44
E09000007,Camden,2007,"2,745","2,705",99,"2,265",83,"1,730",63,"1,395",51,"1,190",43
E09000008,Croydon,2007,"1,595","1,515",95,"1,280",80,965,61,780,49,660,41
E09000009,Ealing,2007,"2,035","1,835",90,"1,530",75,"1,125",55,920,45,785,39
E09000010,Enfield,2007,"1,285","1,235",96,"1,000",78,755,59,630,49,535,42
E09000011,Greenwich,2007,995,930,93,775,78,580,58,465,47,395,40
E09000012,Hackney,2007,"1,520","1,455",96,"1,235",81,940,62,775,51,700,46
E09000013,Hammersmith and Fulham,2007,"1,785","1,655",93,"1,350",76,975,55,790,44,680,38
E09000014,Haringey,2007,"1,270","1,235",97,"1,020",80,785,62,655,52,570,45
E09000015,Harrow,2007,"1,310","1,310",100,"1,105",84,855,65,715,55,605,46
E09000016,Havering,2007,990,940,95,780,79,590,60,490,50,405,41
E09000017,Hillingdon,2007,"1,220","1,190",98,"1,010",83,770,63,640,53,575,47
E09000018,Hounslow,2007,"1,360","1,300",96,"1,100",81,805,59,655,48,575,42
E09000019,Islington,2007,"1,800","1,735",96,"1,450",81,"1,135",63,925,51,810,45
E09000020,Kensington and Chelsea,2007,"1,585","1,465",92,"1,240",78,945,60,785,50,670,42
E09000021,Kingston upon Thames,2007,"1,025","1,000",98,875,85,665,65,530,52,465,45
E09000022,Lambeth,2007,"1,930","1,805",94,"1,525",79,"1,115",58,900,47,765,40
E09000023,Lewisham,2007,"1,230","1,145",93,980,80,715,58,590,48,505,41
E09000024,Merton,2007,"1,330","1,265",95,"1,045",79,815,61,650,49,560,42
E09000025,Newham,2007,940,870,93,690,73,505,54,405,43,340,36
E09000026,Redbridge,2007,"1,350","1,315",97,"1,070",79,780,58,645,48,555,41
E09000027,Richmond upon Thames,2007,"1,560","1,485",95,"1,275",82,"1,005",65,840,54,725,46
E09000028,Southwark,2007,"1,960","1,825",93,"1,525",78,"1,150",59,930,47,770,39
E09000029,Sutton,2007,870,850,98,715,82,560,64,465,53,405,47
E09000030,Tower Hamlets,2007,"1,695","1,575",93,"1,295",76,970,57,785,46,670,40
E09000031,Waltham Forest,2007,"1,020",970,95,775,76,575,56,465,46,390,38
E09000032,Wandsworth,2007,"2,550","2,430",95,"2,005",79,"1,445",57,"1,115",44,910,36
E09000033,Westminster,2007,"5,675","5,205",92,"4,325",76,"3,255",57,"2,660",47,"2,295",40
E13000001,Inner London,2007,"27,990","26,365",94,"21,985",79,"16,525",59,"13,440",48,"11,525",41
E13000002,Outer London,2007,"25,130","24,095",96,"20,095",80,"15,095",60,"12,390",49,"10,645",42
E12000001,North East,2007,"8,795","8,315",95,"7,045",80,"5,485",62,"4,495",51,"3,845",44
E12000002,North West,2007,"30,195","28,870",96,"24,735",82,"18,920",63,"15,540",52,"13,150",44
E12000003,Yorkshire And The Humber,2007,"20,385","19,265",95,"15,945",78,"12,260",60,"10,015",49,"8,535",42
E12000004,East Midlands,2007,"18,610","17,860",96,"15,250",82,"11,990",64,"9,840",53,"8,440",45
E12000005,West Midlands,2007,"22,805","21,710",95,"18,625",82,"14,210",62,"11,655",51,"9,885",43
E12000006,East,2007,"27,600","26,420",96,"22,530",82,"17,600",64,"14,645",53,"12,610",46
E12000007,London,2007,"53,120","50,460",95,"42,080",79,"31,620",60,"25,830",49,"22,170",42
E12000008,South East,2007,"42,320","40,765",96,"35,475",84,"27,995",66,"23,315",55,"20,010",47
E12000009,South West,2007,"22,870","21,845",96,"18,880",83,"15,070",66,"12,645",55,"11,000",48
E92000001,England,2007,"246,700","235,510",95,"200,565",81,"155,150",63,"127,980",52,"109,645",44
W92000004,Wales,2007,"9,905","9,375",95,"7,930",80,"6,135",62,"5,020",51,"4,320",44
S92000003,Scotland,2007,"18,165","17,460",96,"14,820",82,"11,890",66,"9,930",55,"8,615",47
N92000002,Northern Ireland,2007,"5,960","5,640",95,"4,590",77,"3,735",63,"3,055",51,"2,625",44
K04000001,England And Wales,2007,"256,605","244,885",95,"208,495",81,"161,285",63,"133,000",52,"113,965",44
K03000001,Great Britain,2007,"274,770","262,345",95,"223,315",81,"173,175",63,"142,930",52,"122,580",45
K02000001,United Kingdom,2007,"280,730","267,985",95,"227,905",81,"176,910",63,"145,985",52,"125,205",45
E09000001,City of London,2008,"2,005","1,275",64,"1,060",53,875,44,770,38,665,33
E09000002,Barking and Dagenham,2008,720,675,94,485,68,355,49,300,42,250,35
E09000003,Barnet,2008,"2,610","2,295",88,"1,775",68,"1,395",53,"1,205",46,"1,030",40
E09000004,Bexley,2008,795,755,95,595,75,470,59,410,52,345,43
E09000005,Brent,2008,"1,950","1,790",92,"1,385",71,"1,055",54,885,45,740,38
E09000006,Bromley,2008,"1,540","1,445",94,"1,055",69,815,53,700,45,610,40
E09000007,Camden,2008,"3,035","2,590",85,"2,060",68,"1,610",53,"1,340",44,"1,155",38
E09000008,Croydon,2008,"1,575","1,445",92,"1,145",73,870,55,740,47,630,40
E09000009,Ealing,2008,"2,155","1,970",91,"1,530",71,"1,175",55,975,45,830,39
E09000010,Enfield,2008,"1,425","1,335",94,"1,040",73,775,54,655,46,545,38
E09000011,Greenwich,2008,"1,045",970,93,715,69,530,51,450,43,375,36
E09000012,Hackney,2008,"1,740","1,595",92,"1,195",69,925,53,765,44,645,37
E09000013,Hammersmith and Fulham,2008,"1,960","1,705",87,"1,260",64,960,49,790,40,665,34
E09000014,Haringey,2008,"1,425","1,315",92,995,70,745,52,630,44,545,38
E09000015,Harrow,2008,"1,435","1,325",92,"1,060",74,845,59,715,50,605,42
E09000016,Havering,2008,"1,090","1,010",93,790,73,585,54,485,45,385,36
E09000017,Hillingdon,2008,"1,395","1,290",92,"1,050",75,835,60,725,52,605,43
E09000018,Hounslow,2008,"1,510","1,395",92,"1,110",74,830,55,690,46,575,38
E09000019,Islington,2008,"1,940","1,700",88,"1,325",68,"1,040",54,855,44,710,37
E09000020,Kensington and Chelsea,2008,"1,645","1,470",89,"1,155",70,885,54,755,46,625,38
E09000021,Kingston upon Thames,2008,"1,025",945,92,730,72,590,58,500,49,415,41
E09000022,Lambeth,2008,"1,855","1,650",89,"1,270",69,935,50,775,42,645,35
E09000023,Lewisham,2008,"1,290","1,200",93,900,70,660,51,545,42,450,35
E09000024,Merton,2008,"1,370","1,255",92,"1,000",73,775,57,650,47,540,39
E09000025,Newham,2008,"1,180","1,095",93,740,63,530,45,435,37,345,29
E09000026,Redbridge,2008,"1,420","1,320",93,"1,005",71,735,52,625,44,515,36
E09000027,Richmond upon Thames,2008,"1,560","1,445",93,"1,195",77,950,61,805,52,685,44
E09000028,Southwark,2008,"2,025","1,790",88,"1,345",67,990,49,810,40,680,34
E09000029,Sutton,2008,780,715,92,580,74,460,59,400,51,325,42
E09000030,Tower Hamlets,2008,"2,045","1,765",86,"1,355",66,"1,020",50,870,43,715,35
E09000031,Waltham Forest,2008,"1,095","1,000",91,775,71,590,54,490,45,420,38
E09000032,Wandsworth,2008,"2,570","2,295",89,"1,800",70,"1,370",53,"1,125",44,915,36
E09000033,Westminster,2008,"6,745","5,440",81,"4,295",64,"3,310",49,"2,770",41,"2,340",35
E13000001,Inner London,2008,"31,460","26,885",85,"20,755",66,"15,855",50,"13,235",42,"11,100",35
E13000002,Outer London,2008,"26,495","24,380",92,"19,020",72,"14,635",55,"12,405",47,"10,425",39
E12000001,North East,2008,"7,675","7,170",93,"5,815",76,"4,575",60,"3,800",50,"3,145",41
E12000002,North West,2008,"27,465","25,770",94,"20,515",75,"15,870",58,"13,245",48,"11,070",40
E12000003,Yorkshire And The Humber,2008,"18,670","16,940",91,"13,655",73,"10,585",57,"8,960",48,"7,580",41
E12000004,East Midlands,2008,"16,785","15,750",94,"12,780",76,"10,015",60,"8,450",50,"7,220",43
E12000005,West Midlands,2008,"20,585","19,280",94,"15,605",76,"12,070",59,"10,135",49,"8,475",41
E12000006,East,2008,"25,975","24,160",93,"19,530",75,"15,495",60,"13,085",50,"11,010",42
E12000007,London,2008,"57,955","51,265",88,"39,775",69,"30,490",53,"25,640",44,"21,525",37
E12000008,South East,2008,"40,365","37,640",93,"30,900",77,"24,795",61,"21,050",52,"17,875",44
E12000009,South West,2008,"20,870","19,650",94,"16,130",77,"12,990",62,"11,075",53,"9,505",46
E92000001,England,2008,"236,345","217,625",92,"174,705",74,"136,885",58,"115,440",49,"97,405",41
W92000004,Wales,2008,"9,220","8,690",94,"7,050",77,"5,530",60,"4,660",51,"3,920",43
S92000003,Scotland,2008,"16,225","15,145",93,"12,510",77,"9,935",61,"8,410",52,"7,080",44
N92000002,Northern Ireland,2008,"5,655","4,605",81,"3,585",63,"2,855",51,"2,400",42,"2,010",36
K04000001,England And Wales,2008,"245,565","226,315",92,"181,755",74,"142,415",58,"120,100",49,"101,325",41
K03000001,Great Britain,2008,"261,790","241,460",92,"194,265",74,"152,350",58,"128,510",49,"108,405",41
K02000001,United Kingdom,2008,"267,445","246,065",92,"197,850",74,"155,205",58,"130,910",49,"110,415",41
E09000001,City of London,2009,"1,790","1,290",72,"1,060",59,890,50,745,42,650,36
E09000002,Barking and Dagenham,2009,615,560,91,415,68,320,52,245,40,205,33
E09000003,Barnet,2009,"2,410","2,065",86,"1,635",68,"1,280",53,"1,085",45,905,38
E09000004,Bexley,2009,720,675,94,550,76,455,63,370,51,315,44
E09000005,Brent,2009,"1,685","1,540",91,"1,195",71,945,56,760,45,630,37
E09000006,Bromley,2009,"1,320","1,195",91,975,74,790,60,650,49,550,42
E09000007,Camden,2009,"2,735","2,280",83,"1,855",68,"1,490",55,"1,225",45,"1,055",39
E09000008,Croydon,2009,"1,400","1,265",90,"1,020",73,820,59,660,47,550,39
E09000009,Ealing,2009,"1,940","1,790",92,"1,400",72,"1,130",58,940,49,780,40
E09000010,Enfield,2009,"1,310","1,185",91,920,70,730,56,575,44,490,37
E09000011,Greenwich,2009,920,860,94,695,76,545,59,450,49,375,41
E09000012,Hackney,2009,"1,510","1,380",91,"1,120",74,925,61,765,51,650,43
E09000013,Hammersmith and Fulham,2009,"1,560","1,395",89,"1,085",70,840,54,660,42,570,37
E09000014,Haringey,2009,"1,275","1,160",91,915,72,715,56,590,46,505,40
E09000015,Harrow,2009,"1,455","1,320",91,"1,050",72,845,58,700,48,610,42
E09000016,Havering,2009,955,890,93,700,73,565,59,455,48,370,39
E09000017,Hillingdon,2009,"1,230","1,125",92,920,75,720,59,585,48,490,40
E09000018,Hounslow,2009,"1,310","1,200",92,955,73,755,58,620,47,520,40
E09000019,Islington,2009,"1,665","1,470",88,"1,175",71,940,57,775,47,675,41
E09000020,Kensington and Chelsea,2009,"1,450","1,300",90,"1,035",71,835,58,690,48,585,40
E09000021,Kingston upon Thames,2009,905,845,93,710,79,590,65,455,50,380,42
E09000022,Lambeth,2009,"1,445","1,345",93,"1,050",73,840,58,665,46,560,39
E09000023,Lewisham,2009,"1,030",950,92,740,72,580,56,475,46,395,38
E09000024,Merton,2009,"1,085","1,005",93,810,75,625,58,495,46,405,37
E09000025,Newham,2009,"1,070","1,000",94,755,71,575,54,450,42,375,35
E09000026,Redbridge,2009,"1,485","1,290",87,"1,035",70,800,54,640,43,540,36
E09000027,Richmond upon Thames,2009,"1,400","1,305",93,"1,075",77,890,64,740,53,625,45
E09000028,Southwark,2009,"1,690","1,495",89,"1,200",71,950,56,775,46,645,38
E09000029,Sutton,2009,715,660,92,550,77,435,61,355,50,315,44
E09000030,Tower Hamlets,2009,"1,740","1,520",87,"1,205",69,970,56,775,45,630,36
E09000031,Waltham Forest,2009,975,920,94,710,73,535,55,420,43,370,38
E09000032,Wandsworth,2009,"2,000","1,865",93,"1,510",76,"1,225",61,960,48,815,41
E09000033,Westminster,2009,"5,780","4,520",78,"3,610",63,"2,885",50,"2,375",41,"2,010",35
E13000001,Inner London,2009,"26,740","22,970",86,"18,315",69,"14,660",55,"11,925",45,"10,120",38
E13000002,Outer London,2009,"23,835","21,695",91,"17,320",73,"13,775",58,"11,200",47,"9,425",40
E12000001,North East,2009,"6,625","6,105",92,"4,865",73,"3,905",59,"3,160",48,"2,660",40
E12000002,North West,2009,"23,920","21,920",92,"17,765",74,"14,215",59,"11,445",48,"9,695",41
E12000003,Yorkshire And The Humber,2009,"17,005","15,240",90,"12,285",72,"9,905",58,"8,165",48,"7,010",41
E12000004,East Midlands,2009,"14,860","13,685",92,"11,150",75,"9,010",61,"7,465",50,"6,405",43
E12000005,West Midlands,2009,"18,245","16,710",92,"13,420",74,"10,810",59,"8,890",49,"7,580",42
E12000006,East,2009,"23,535","21,780",93,"18,025",77,"14,650",62,"12,080",51,"10,430",44
E12000007,London,2009,"50,575","44,665",88,"35,635",71,"28,435",56,"23,125",46,"19,545",39
E12000008,South East,2009,"36,320","33,275",92,"27,505",76,"22,495",62,"18,585",51,"15,900",44
E12000009,South West,2009,"17,950","16,630",93,"13,765",77,"11,340",63,"9,400",52,"8,085",45
E92000001,England,2009,"209,035","190,010",91,"154,415",74,"124,765",60,"102,315",49,"87,310",42
W92000004,Wales,2009,"8,325","7,665",92,"6,155",74,"4,895",59,"3,990",48,"3,400",41
S92000003,Scotland,2009,"14,725","13,370",91,"10,950",74,"8,855",60,"7,180",49,"6,205",42
N92000002,Northern Ireland,2009,"3,945","3,365",85,"2,645",67,"2,180",55,"1,835",47,"1,565",40
K04000001,England And Wales,2009,"217,360","197,675",91,"160,570",74,"129,660",60,"106,305",49,"90,710",42
K03000001,Great Britain,2009,"232,085","211,045",91,"171,520",74,"138,515",60,"113,485",49,"96,915",42
K02000001,United Kingdom,2009,"236,030","214,410",91,"174,165",74,"140,695",60,"115,320",49,"98,480",42
E09000001,City of London,2010,"1,730","1,275",74,"1,085",63,900,52,765,44,680,39
E09000002,Barking and Dagenham,2010,635,560,88,450,71,335,53,265,42,230,36
E09000003,Barnet,2010,"2,440","1,995",82,"1,625",67,"1,255",51,"1,055",43,895,37
E09000004,Bexley,2010,840,720,86,600,71,465,55,385,46,330,39
E09000005,Brent,2010,"1,630","1,430",88,"1,165",72,890,55,755,46,650,40
E09000006,Bromley,2010,"1,475","1,300",88,"1,120",76,885,60,745,51,650,44
E09000007,Camden,2010,"2,930","2,375",81,"1,980",68,"1,585",54,"1,310",45,"1,130",39
E09000008,Croydon,2010,"1,495","1,295",87,"1,080",72,795,53,660,44,570,38
E09000009,Ealing,2010,"1,715","1,490",87,"1,215",71,940,55,780,46,675,39
E09000010,Enfield,2010,"1,390","1,165",84,965,69,730,53,620,45,530,38
E09000011,Greenwich,2010,"1,060",930,88,765,72,595,56,490,46,420,40
E09000012,Hackney,2010,"1,570","1,345",86,"1,105",70,870,55,735,47,640,41
E09000013,Hammersmith and Fulham,2010,"1,640","1,380",84,"1,135",69,875,53,715,44,600,37
E09000014,Haringey,2010,"1,325","1,150",87,940,71,720,54,620,47,535,40
E09000015,Harrow,2010,"1,470","1,270",86,"1,055",72,835,57,725,49,625,43
E09000016,Havering,2010,890,785,88,645,73,510,57,430,48,365,41
E09000017,Hillingdon,2010,"1,190","1,065",90,880,74,690,58,600,50,520,44
E09000018,Hounslow,2010,"1,415","1,270",90,"1,075",76,850,60,710,50,615,44
E09000019,Islington,2010,"1,730","1,480",86,"1,245",72,955,55,805,47,675,39
E09000020,Kensington and Chelsea,2010,"1,620","1,350",83,"1,125",69,875,54,720,44,630,39
E09000021,Kingston upon Thames,2010,885,755,85,640,72,510,58,425,48,365,41
E09000022,Lambeth,2010,"1,555","1,370",88,"1,155",74,890,57,760,49,655,42
E09000023,Lewisham,2010,985,875,89,700,71,545,55,455,46,390,40
E09000024,Merton,2010,"1,215","1,070",88,895,74,710,58,595,49,510,42
E09000025,Newham,2010,"1,215","1,030",85,800,66,585,48,480,40,405,33
E09000026,Redbridge,2010,"1,525","1,315",86,"1,065",70,805,53,660,43,555,36
E09000027,Richmond upon Thames,2010,"1,400","1,240",89,"1,080",77,865,62,740,53,640,46
E09000028,Southwark,2010,"1,770","1,525",86,"1,270",72,975,55,810,46,705,40
E09000029,Sutton,2010,780,680,87,570,73,465,60,395,51,350,45
E09000030,Tower Hamlets,2010,"1,960","1,595",81,"1,330",68,"1,030",53,855,44,715,37
E09000031,Waltham Forest,2010,"1,075",905,84,735,68,550,51,470,44,400,37
E09000032,Wandsworth,2010,"2,125","1,905",90,"1,590",75,"1,245",59,"1,000",47,845,40
E09000033,Westminster,2010,"6,075","4,730",78,"3,930",65,"3,160",52,"2,625",43,"2,245",37
E13000001,Inner London,2010,"28,230","23,385",83,"19,390",69,"15,210",54,"12,655",45,"10,850",38
E13000002,Outer London,2010,"24,525","21,240",87,"17,625",72,"13,680",56,"11,505",47,"9,895",40
E12000001,North East,2010,"5,975","5,275",88,"4,405",74,"3,425",57,"2,820",47,"2,430",41
E12000002,North West,2010,"22,705","19,855",87,"16,320",72,"12,650",56,"10,575",47,"9,060",40
E12000003,Yorkshire And The Humber,2010,"16,630","14,245",86,"11,785",71,"9,260",56,"7,805",47,"6,780",41
E12000004,East Midlands,2010,"14,325","12,650",88,"10,600",74,"8,260",58,"6,985",49,"6,000",42
E12000005,West Midlands,2010,"17,805","15,515",87,"12,880",72,"10,175",57,"8,585",48,"7,360",41
E12000006,East,2010,"22,580","19,835",88,"16,685",74,"13,250",59,"11,235",50,"9,735",43
E12000007,London,2010,"52,755","44,625",85,"37,015",70,"28,890",55,"24,160",46,"20,745",39
E12000008,South East,2010,"36,910","32,440",88,"27,485",75,"21,960",60,"18,565",50,"16,015",43
E12000009,South West,2010,"17,835","15,720",88,"13,240",74,"10,690",60,"9,095",51,"7,875",44
E92000001,England,2010,"207,520","180,160",87,"150,415",73,"118,560",57,"99,825",48,"86,000",41
W92000004,Wales,2010,"7,505","6,510",87,"5,415",72,"4,235",56,"3,560",47,"3,055",41
S92000003,Scotland,2010,"15,530","13,285",86,"11,265",73,"8,865",57,"7,505",48,"6,435",41
N92000002,Northern Ireland,2010,"4,590","3,990",87,"3,305",72,"2,550",56,"2,140",47,"1,855",40
K04000001,England And Wales,2010,"215,025","186,670",87,"155,830",73,"122,795",57,"103,385",48,"89,055",41
K03000001,Great Britain,2010,"230,555","199,955",87,"167,095",73,"131,660",57,"110,890",48,"95,490",41
K02000001,United Kingdom,2010,"235,145","203,945",87,"170,400",73,"134,210",57,"113,030",48,"97,345",41
E09000001,City of London,2011,"1,780","1,425",80,"1,135",64,925,52,805,45,680,38
E09000002,Barking and Dagenham,2011,835,785,94,605,73,455,55,375,45,320,38
E09000003,Barnet,2011,"2,835","2,580",91,"2,045",72,"1,635",58,"1,385",49,"1,170",41
E09000004,Bexley,2011,945,885,94,725,77,555,59,470,50,415,44
E09000005,Brent,2011,"1,915","1,805",94,"1,415",74,"1,085",57,900,47,780,41
E09000006,Bromley,2011,"1,580","1,470",93,"1,210",77,990,63,850,54,735,47
E09000007,Camden,2011,"3,200","2,885",90,"2,285",71,"1,835",57,"1,545",48,"1,340",42
E09000008,Croydon,2011,"1,755","1,645",94,"1,315",75,"1,055",60,900,51,775,44
E09000009,Ealing,2011,"2,210","2,105",95,"1,695",77,"1,270",58,"1,055",48,905,41
E09000010,Enfield,2011,"1,530","1,395",91,"1,090",71,865,57,730,48,630,41
E09000011,Greenwich,2011,"1,215","1,145",94,890,73,690,57,575,47,500,41
E09000012,Hackney,2011,"1,970","1,825",93,"1,485",75,"1,200",61,"1,005",51,850,43
E09000013,Hammersmith and Fulham,2011,"1,830","1,695",93,"1,335",73,"1,025",56,845,46,715,39
E09000014,Haringey,2011,"1,570","1,475",94,"1,155",74,915,58,775,49,660,42
E09000015,Harrow,2011,"1,605","1,515",94,"1,205",75,950,59,805,50,695,43
E09000016,Havering,2011,"1,005",945,94,755,75,590,59,490,49,430,43
E09000017,Hillingdon,2011,"1,520","1,445",95,"1,165",77,925,61,770,51,690,45
E09000018,Hounslow,2011,"1,885","1,790",95,"1,430",76,"1,130",60,950,50,815,43
E09000019,Islington,2011,"2,180","2,015",92,"1,645",76,"1,340",62,"1,105",51,950,44
E09000020,Kensington and Chelsea,2011,"1,665","1,550",93,"1,235",74,970,58,815,49,695,42
E09000021,Kingston upon Thames,2011,985,920,93,780,79,640,65,540,55,470,48
E09000022,Lambeth,2011,"1,945","1,825",94,"1,475",76,"1,150",59,925,48,805,41
E09000023,Lewisham,2011,"1,350","1,270",94,985,73,765,57,650,48,570,42
E09000024,Merton,2011,"1,505","1,425",95,"1,160",77,925,62,770,51,655,44
E09000025,Newham,2011,"1,580","1,480",94,"1,120",71,830,53,675,43,575,36
E09000026,Redbridge,2011,"1,770","1,670",94,"1,325",75,"1,040",59,875,49,740,42
E09000027,Richmond upon Thames,2011,"1,500","1,420",95,"1,175",78,930,62,795,53,695,46
E09000028,Southwark,2011,"1,995","1,810",91,"1,425",71,"1,115",56,930,47,810,41
E09000029,Sutton,2011,860,815,95,680,79,565,66,485,56,420,49
E09000030,Tower Hamlets,2011,"2,330","2,180",94,"1,745",75,"1,360",58,"1,130",49,950,41
E09000031,Waltham Forest,2011,"1,385","1,290",93,950,69,720,52,595,43,485,35
E09000032,Wandsworth,2011,"2,530","2,415",96,"1,965",78,"1,570",62,"1,270",50,"1,085",43
E09000033,Westminster,2011,"6,630","5,675",86,"4,570",69,"3,615",55,"3,045",46,"2,615",39
E13000001,Inner London,2011,"32,555","29,525",91,"23,560",72,"18,615",57,"15,520",48,"13,300",41
E13000002,Outer London,2011,"28,840","27,050",94,"21,615",75,"17,015",59,"14,315",50,"12,325",43
E12000001,North East,2011,"7,070","6,625",94,"5,325",75,"4,200",59,"3,510",50,"3,010",43
E12000002,North West,2011,"25,695","23,915",93,"19,170",75,"15,305",60,"12,715",50,"10,950",43
E12000003,Yorkshire And The Humber,2011,"17,235","15,880",92,"12,790",74,"10,170",59,"8,580",50,"7,450",43
E12000004,East Midlands,2011,"16,055","14,975",93,"12,030",75,"9,665",60,"8,155",51,"7,050",44
E12000005,West Midlands,2011,"19,555","18,260",93,"14,865",76,"11,880",61,"10,060",51,"8,685",44
E12000006,East,2011,"24,930","23,415",94,"19,295",77,"15,625",63,"13,175",53,"11,425",46
E12000007,London,2011,"61,395","56,575",92,"45,175",74,"35,630",58,"29,835",49,"25,625",42
E12000008,South East,2011,"40,775","38,150",94,"31,470",77,"25,440",62,"21,610",53,"18,765",46
E12000009,South West,2011,"19,750","18,520",94,"15,285",77,"12,435",63,"10,530",53,"9,280",47
E92000001,England,2011,"232,460","216,315",93,"175,405",76,"140,350",60,"118,170",51,"102,240",44
W92000004,Wales,2011,"8,225","7,745",94,"6,205",75,"4,940",60,"4,135",50,"3,555",43
S92000003,Scotland,2011,"16,940","15,905",94,"13,150",78,"10,630",63,"9,020",53,"7,720",46
N92000002,Northern Ireland,2011,"3,745","3,375",90,"2,755",74,"2,220",59,"1,935",52,"1,725",46
K04000001,England And Wales,2011,"240,685","224,060",93,"181,610",76,"145,290",60,"122,305",51,"105,795",44
K03000001,Great Britain,2011,"257,625","239,965",93,"194,760",76,"155,920",61,"131,325",51,"113,515",44
K02000001,United Kingdom,2011,"261,370","243,340",93,"197,515",76,"158,140",61,"133,260",51,"115,240",44
E09000001,City of London,2012,"1,900","1,435",76,"1,190",63,995,52,855,45,720,38
E09000002,Barking and Dagenham,2012,845,790,93,620,73,475,56,395,47,335,40
E09000003,Barnet,2012,"2,995","2,615",87,"2,090",70,"1,685",56,"1,430",48,"1,225",41
E09000004,Bexley,2012,895,830,93,675,75,530,59,460,51,395,44
E09000005,Brent,2012,"1,975","1,810",92,"1,390",70,"1,095",55,920,47,775,39
E09000006,Bromley,2012,"1,670","1,555",93,"1,285",77,"1,040",62,875,52,745,45
E09000007,Camden,2012,"3,140","2,705",86,"2,175",69,"1,755",56,"1,460",46,"1,240",39
E09000008,Croydon,2012,"1,765","1,645",93,"1,300",74,"1,030",58,825,47,695,39
E09000009,Ealing,2012,"2,225","2,050",92,"1,635",74,"1,305",59,"1,115",50,945,42
E09000010,Enfield,2012,"1,615","1,485",92,"1,190",74,955,59,820,51,705,44
E09000011,Greenwich,2012,"1,250","1,155",92,890,71,705,56,585,47,500,40
E09000012,Hackney,2012,"2,140","1,915",89,"1,580",74,"1,255",59,"1,050",49,930,43
E09000013,Hammersmith and Fulham,2012,"1,885","1,700",90,"1,305",69,990,53,795,42,670,36
E09000014,Haringey,2012,"1,500","1,370",91,"1,070",71,850,57,720,48,610,41
E09000015,Harrow,2012,"1,730","1,605",93,"1,290",75,"1,035",60,880,51,750,43
E09000016,Havering,2012,"1,085","1,015",94,835,77,685,63,580,53,490,45
E09000017,Hillingdon,2012,"1,490","1,380",93,"1,110",75,895,60,780,52,660,44
E09000018,Hounslow,2012,"1,820","1,650",91,"1,350",74,"1,060",58,900,49,790,43
E09000019,Islington,2012,"2,335","2,080",89,"1,610",69,"1,235",53,"1,050",45,890,38
E09000020,Kensington and Chelsea,2012,"1,685","1,505",89,"1,160",69,910,54,765,45,655,39
E09000021,Kingston upon Thames,2012,980,910,93,775,79,645,66,575,59,490,50
E09000022,Lambeth,2012,"4,255","4,110",97,"2,870",68,"1,790",42,"1,440",34,"1,065",25
E09000023,Lewisham,2012,"1,415","1,320",93,"1,065",75,835,59,710,50,600,42
E09000024,Merton,2012,"1,530","1,405",92,"1,105",72,875,57,760,50,650,42
E09000025,Newham,2012,"1,575","1,450",92,"1,070",68,820,52,685,43,580,37
E09000026,Redbridge,2012,"1,830","1,660",91,"1,295",71,"1,025",56,860,47,730,40
E09000027,Richmond upon Thames,2012,"1,595","1,465",92,"1,210",76,970,61,855,54,730,46
E09000028,Southwark,2012,"1,995","1,780",89,"1,415",71,"1,100",55,920,46,795,40
E09000029,Sutton,2012,910,845,93,700,77,575,63,475,52,410,45
E09000030,Tower Hamlets,2012,"2,395","2,120",89,"1,660",69,"1,285",54,"1,030",43,860,36
E09000031,Waltham Forest,2012,"1,385","1,275",92,985,71,750,54,620,45,520,38
E09000032,Wandsworth,2012,"2,370","2,160",91,"1,765",75,"1,365",58,"1,130",48,945,40
E09000033,Westminster,2012,"6,915","5,585",81,"4,440",64,"3,515",51,"2,920",42,"2,460",36
E13000001,Inner London,2012,"35,505","31,235",88,"24,375",69,"18,700",53,"15,530",44,"13,020",37
E13000002,Outer London,2012,"29,590","27,145",92,"21,730",73,"17,335",59,"14,710",50,"12,540",42
E12000001,North East,2012,"7,265","6,695",92,"5,495",76,"4,390",60,"3,720",51,"3,165",44
E12000002,North West,2012,"26,535","24,400",92,"19,700",74,"15,765",59,"13,325",50,"11,375",43
E12000003,Yorkshire And The Humber,2012,"17,680","16,200",92,"13,130",74,"10,570",60,"8,995",51,"7,760",44
E12000004,East Midlands,2012,"16,625","15,350",92,"12,465",75,"10,100",61,"8,645",52,"7,470",45
E12000005,West Midlands,2012,"19,650","18,095",92,"14,700",75,"11,835",60,"10,065",51,"8,715",44
E12000006,East,2012,"25,335","23,325",92,"19,145",76,"15,585",62,"13,325",53,"11,505",45
E12000007,London,2012,"65,095","58,380",90,"46,105",71,"36,030",55,"30,235",46,"25,560",39
E12000008,South East,2012,"41,245","37,575",91,"30,890",75,"25,210",61,"21,475",52,"18,475",45
E12000009,South West,2012,"20,230","18,665",92,"15,320",76,"12,510",62,"10,700",53,"9,270",46
E92000001,England,2012,"239,660","218,685",91,"176,950",74,"141,995",59,"120,485",50,"103,300",43
W92000004,Wales,2012,"8,270","7,630",92,"6,205",75,"4,995",60,"4,245",51,"3,640",44
S92000003,Scotland,2012,"17,385","15,955",92,"13,200",76,"10,780",62,"9,055",52,"7,590",44
N92000002,Northern Ireland,2012,"3,935","3,555",90,"2,710",69,"2,235",57,"1,990",51,"1,760",45
K04000001,England And Wales,2012,"247,930","226,315",91,"183,155",74,"146,990",59,"124,730",50,"106,935",43
K03000001,Great Britain,2012,"265,315","242,270",91,"196,355",74,"157,770",60,"133,785",50,"114,525",43
K02000001,United Kingdom,2012,"269,250","245,825",91,"199,065",74,"160,005",59,"135,775",50,"116,285",43
E09000001,City of London,2013,"2,300","1,805",78,"1,480",64,"1,240",54,"1,060",46,:,:
E09000002,Barking and Dagenham,2013,"1,185","1,125",95,865,73,690,58,545,46,:,:
E09000003,Barnet,2013,"3,730","3,420",92,"2,755",74,"2,180",58,"1,835",49,:,:
E09000004,Bexley,2013,"1,340","1,260",94,985,74,810,60,685,51,:,:
E09000005,Brent,2013,"2,515","2,345",93,"1,870",74,"1,500",60,"1,275",51,:,:
E09000006,Bromley,2013,"2,080","1,975",95,"1,635",79,"1,365",66,"1,160",56,:,:
E09000007,Camden,2013,"3,990","3,575",90,"2,935",74,"2,360",59,"1,975",49,:,:
E09000008,Croydon,2013,"2,305","2,165",94,"1,735",75,"1,375",60,"1,125",49,:,:
E09000009,Ealing,2013,"3,200","3,035",95,"2,425",76,"1,965",61,"1,620",51,:,:
E09000010,Enfield,2013,"2,270","2,125",94,"1,685",74,"1,305",57,"1,060",47,:,:
E09000011,Greenwich,2013,"1,740","1,640",94,"1,265",73,970,56,825,47,:,:
E09000012,Hackney,2013,"2,845","2,670",94,"2,185",77,"1,765",62,"1,485",52,:,:
E09000013,Hammersmith and Fulham,2013,"2,290","2,135",93,"1,680",73,"1,335",58,"1,120",49,:,:
E09000014,Haringey,2013,"2,110","1,980",94,"1,570",74,"1,270",60,"1,045",50,:,:
E09000015,Harrow,2013,"2,170","2,040",94,"1,660",76,"1,365",63,"1,165",54,:,:
E09000016,Havering,2013,"1,460","1,370",94,"1,100",75,890,61,730,50,:,:
E09000017,Hillingdon,2013,"1,925","1,795",93,"1,440",75,"1,175",61,990,51,:,:
E09000018,Hounslow,2013,"2,210","2,070",94,"1,685",76,"1,370",62,"1,180",53,:,:
E09000019,Islington,2013,"3,400","3,110",91,"2,465",73,"1,935",57,"1,585",47,:,:
E09000020,Kensington and Chelsea,2013,"2,095","1,945",93,"1,560",74,"1,235",59,"1,040",50,:,:
E09000021,Kingston upon Thames,2013,"1,185","1,110",94,910,77,745,63,610,51,:,:
E09000022,Lambeth,2013,"5,115","4,930",96,"3,265",64,"2,430",48,"1,720",34,:,:
E09000023,Lewisham,2013,"1,825","1,735",95,"1,340",73,"1,000",55,845,46,:,:
E09000024,Merton,2013,"1,945","1,840",95,"1,525",78,"1,245",64,"1,010",52,:,:
E09000025,Newham,2013,"2,120","1,970",93,"1,485",70,"1,115",53,930,44,:,:
E09000026,Redbridge,2013,"2,435","2,295",94,"1,815",75,"1,465",60,"1,210",50,:,:
E09000027,Richmond upon Thames,2013,"1,930","1,830",95,"1,520",79,"1,230",64,"1,020",53,:,:
E09000028,Southwark,2013,"2,635","2,420",92,"1,935",73,"1,560",59,"1,305",50,:,:
E09000029,Sutton,2013,"1,165","1,100",94,885,76,715,61,600,52,:,:
E09000030,Tower Hamlets,2013,"3,315","2,970",90,"2,315",70,"1,820",55,"1,480",45,:,:
E09000031,Waltham Forest,2013,"1,860","1,735",93,"1,320",71,"1,070",58,880,47,:,:
E09000032,Wandsworth,2013,"3,180","3,000",94,"2,410",76,"1,890",59,"1,560",49,:,:
E09000033,Westminster,2013,"7,730","6,610",86,"5,315",69,"4,280",55,"3,555",46,:,:
E13000001,Inner London,2013,"44,950","40,855",91,"31,940",71,"25,235",56,"20,705",46,:,:
E13000002,Outer London,2013,"38,650","36,275",94,"29,080",75,"23,430",61,"19,525",51,:,:
E12000001,North East,2013,"9,685","9,130",94,"7,235",75,"5,830",60,"4,830",50,:,:
E12000002,North West,2013,"35,285","33,190",94,"26,240",74,"21,080",60,"17,940",51,:,:
E12000003,Yorkshire And The Humber,2013,"23,120","21,780",94,"17,390",75,"14,055",61,"11,990",52,:,:
E12000004,East Midlands,2013,"22,035","20,750",94,"16,635",75,"13,545",61,"11,425",52,:,:
E12000005,West Midlands,2013,"25,735","24,240",94,"19,385",75,"15,740",61,"13,275",52,:,:
E12000006,East,2013,"32,570","30,665",94,"25,025",77,"20,525",63,"17,370",53,:,:
E12000007,London,2013,"83,600","77,130",92,"61,020",73,"48,665",58,"40,230",48,:,:
E12000008,South East,2013,"50,890","47,835",94,"39,150",77,"32,165",63,"27,185",53,:,:
E12000009,South West,2013,"25,640","24,045",94,"19,685",77,"16,210",63,"13,815",54,:,:
E92000001,England,2013,"308,565","288,765",94,"231,765",75,"187,815",61,"158,060",51,:,:
W92000004,Wales,2013,"11,320","10,600",94,"8,465",75,"6,860",61,"5,730",51,:,:
S92000003,Scotland,2013,"21,540","20,250",94,"16,510",77,"13,380",62,"11,055",51,:,:
N92000002,Northern Ireland,2013,"4,855","4,195",86,"3,255",67,"2,750",57,"2,400",49,:,:
K04000001,England And Wales,2013,"319,885","299,365",94,"240,230",75,"194,675",61,"163,790",51,:,:
K03000001,Great Britain,2013,"341,420","319,615",94,"256,740",75,"208,055",61,"174,845",51,:,:
K02000001,United Kingdom,2013,"346,275","323,810",94,"259,995",75,"210,805",61,"177,245",51,:,:
E09000001,City of London,2014,"2,610","1,905",73,"1,580",61,"1,325",51,:,:,:,:
E09000002,Barking and Dagenham,2014,"1,310","1,215",93,970,74,770,59,:,:,:,:
E09000003,Barnet,2014,"3,985","3,510",88,"2,810",71,"2,295",58,:,:,:,:
E09000004,Bexley,2014,"1,455","1,365",94,"1,145",79,950,65,:,:,:,:
E09000005,Brent,2014,"2,585","2,410",93,"1,930",75,"1,530",59,:,:,:,:
E09000006,Bromley,2014,"2,190","2,040",93,"1,710",78,"1,405",64,:,:,:,:
E09000007,Camden,2014,"4,375","3,805",87,"3,045",70,"2,425",55,:,:,:,:
E09000008,Croydon,2014,"2,390","2,230",93,"1,850",77,"1,510",63,:,:,:,:
E09000009,Ealing,2014,"3,110","2,880",93,"2,380",77,"1,940",62,:,:,:,:
E09000010,Enfield,2014,"2,305","2,095",91,"1,670",72,"1,305",57,:,:,:,:
E09000011,Greenwich,2014,"1,690","1,595",94,"1,305",77,"1,060",63,:,:,:,:
E09000012,Hackney,2014,"3,245","2,995",92,"2,485",77,"1,985",61,:,:,:,:
E09000013,Hammersmith and Fulham,2014,"2,380","2,175",91,"1,755",74,"1,340",56,:,:,:,:
E09000014,Haringey,2014,"2,190","2,055",94,"1,660",76,"1,330",61,:,:,:,:
E09000015,Harrow,2014,"2,390","2,190",92,"1,800",75,"1,470",62,:,:,:,:
E09000016,Havering,2014,"1,485","1,390",94,"1,160",78,925,62,:,:,:,:
E09000017,Hillingdon,2014,"2,075","1,935",93,"1,600",77,"1,290",62,:,:,:,:
E09000018,Hounslow,2014,"2,320","2,160",93,"1,775",77,"1,455",63,:,:,:,:
E09000019,Islington,2014,"3,715","3,345",90,"2,695",73,"2,100",57,:,:,:,:
E09000020,Kensington and Chelsea,2014,"2,165","1,980",91,"1,620",75,"1,280",59,:,:,:,:
E09000021,Kingston upon Thames,2014,"1,270","1,185",93,995,78,790,62,:,:,:,:
E09000022,Lambeth,2014,"5,570","5,400",97,"4,140",74,"3,270",59,:,:,:,:
E09000023,Lewisham,2014,"1,870","1,745",93,"1,420",76,"1,120",60,:,:,:,:
E09000024,Merton,2014,"1,995","1,875",94,"1,550",78,"1,250",63,:,:,:,:
E09000025,Newham,2014,"2,365","2,160",91,"1,695",72,"1,330",56,:,:,:,:
E09000026,Redbridge,2014,"2,580","2,405",93,"1,915",74,"1,535",59,:,:,:,:
E09000027,Richmond upon Thames,2014,"1,985","1,870",94,"1,575",79,"1,270",64,:,:,:,:
E09000028,Southwark,2014,"2,930","2,645",90,"2,170",74,"1,700",58,:,:,:,:
E09000029,Sutton,2014,"1,185","1,120",95,925,78,790,67,:,:,:,:
E09000030,Tower Hamlets,2014,"3,460","3,185",92,"2,535",73,"1,965",57,:,:,:,:
E09000031,Waltham Forest,2014,"2,100","1,935",92,"1,580",75,"1,250",60,:,:,:,:
E09000032,Wandsworth,2014,"3,055","2,880",94,"2,365",77,"1,850",61,:,:,:,:
E09000033,Westminster,2014,"8,245","6,840",83,"5,470",66,"4,380",53,:,:,:,:
E13000001,Inner London,2014,"48,175","43,115",89,"34,635",72,"27,400",57,:,:,:,:
E13000002,Outer London,2014,"40,405","37,405",93,"30,645",76,"24,790",61,:,:,:,:
E12000001,North East,2014,"9,650","8,905",92,"7,295",76,"5,750",60,:,:,:,:
E12000002,North West,2014,"34,275","31,800",93,"26,010",76,"20,865",61,:,:,:,:
E12000003,Yorkshire And The Humber,2014,"23,465","21,705",92,"17,935",76,"14,550",62,:,:,:,:
E12000004,East Midlands,2014,"22,035","20,565",93,"16,770",76,"13,575",62,:,:,:,:
E12000005,West Midlands,2014,"25,740","23,740",92,"19,615",76,"15,900",62,:,:,:,:
E12000006,East,2014,"32,600","30,360",93,"25,215",77,"20,550",63,:,:,:,:
E12000007,London,2014,"88,580","80,520",91,"65,275",74,"52,190",59,:,:,:,:
E12000008,South East,2014,"51,280","47,775",93,"39,900",78,"32,615",64,:,:,:,:
E12000009,South West,2014,"25,295","23,500",93,"19,470",77,"16,040",63,:,:,:,:
E92000001,England,2014,"312,920","288,870",92,"237,490",76,"192,030",61,:,:,:,:
W92000004,Wales,2014,"11,345","10,485",92,"8,530",75,"6,810",60,:,:,:,:
S92000003,Scotland,2014,"21,235","19,620",92,"16,170",76,"12,825",60,:,:,:,:
N92000002,Northern Ireland,2014,"4,805","4,130",86,"3,345",70,"2,790",58,:,:,:,:
K04000001,England And Wales,2014,"324,265","299,355",92,"246,020",76,"198,840",61,:,:,:,:
K03000001,Great Britain,2014,"345,500","318,975",92,"262,190",76,"211,665",61,:,:,:,:
K02000001,United Kingdom,2014,"350,305","323,105",92,"265,535",76,"214,460",61,:,:,:,:
E09000001,City of London,2015,"4,965","3,735",75,"2,995",60,:,:,:,:,:,:
E09000002,Barking and Dagenham,2015,"1,665","1,580",95,"1,235",74,:,:,:,:,:,:
E09000003,Barnet,2015,"4,460","3,640",82,"2,835",64,:,:,:,:,:,:
E09000004,Bexley,2015,"1,605","1,510",94,"1,225",76,:,:,:,:,:,:
E09000005,Brent,2015,"2,895","2,635",91,"2,090",72,:,:,:,:,:,:
E09000006,Bromley,2015,"2,340","2,175",93,"1,785",76,:,:,:,:,:,:
E09000007,Camden,2015,"5,445","4,440",82,"3,445",63,:,:,:,:,:,:
E09000008,Croydon,2015,"2,695","2,490",92,"1,995",74,:,:,:,:,:,:
E09000009,Ealing,2015,"3,420","3,175",93,"2,495",73,:,:,:,:,:,:
E09000010,Enfield,2015,"2,520","2,295",91,"1,805",72,:,:,:,:,:,:
E09000011,Greenwich,2015,"2,260","2,115",94,"1,690",75,:,:,:,:,:,:
E09000012,Hackney,2015,"4,105","3,670",89,"2,870",70,:,:,:,:,:,:
E09000013,Hammersmith and Fulham,2015,"2,560","2,225",87,"1,695",66,:,:,:,:,:,:
E09000014,Haringey,2015,"2,350","2,155",92,"1,735",74,:,:,:,:,:,:
E09000015,Harrow,2015,"2,605","2,375",91,"1,885",72,:,:,:,:,:,:
E09000016,Havering,2015,"1,720","1,605",93,"1,275",74,:,:,:,:,:,:
E09000017,Hillingdon,2015,"2,310","2,105",91,"1,685",73,:,:,:,:,:,:
E09000018,Hounslow,2015,"2,525","2,325",92,"1,840",73,:,:,:,:,:,:
E09000019,Islington,2015,"5,470","3,310",61,"2,560",47,:,:,:,:,:,:
E09000020,Kensington and Chelsea,2015,"2,355","2,050",87,"1,585",67,:,:,:,:,:,:
E09000021,Kingston upon Thames,2015,"1,370","1,235",90,985,72,:,:,:,:,:,:
E09000022,Lambeth,2015,"3,425","3,210",94,"2,505",73,:,:,:,:,:,:
E09000023,Lewisham,2015,"2,045","1,935",95,"1,530",75,:,:,:,:,:,:
E09000024,Merton,2015,"2,225","2,050",92,"1,660",75,:,:,:,:,:,:
E09000025,Newham,2015,"2,860","2,665",93,"2,070",72,:,:,:,:,:,:
E09000026,Redbridge,2015,"3,150","2,860",91,"2,265",72,:,:,:,:,:,:
E09000027,Richmond upon Thames,2015,"2,025","1,855",92,"1,515",75,:,:,:,:,:,:
E09000028,Southwark,2015,"3,135","2,765",88,"2,220",71,:,:,:,:,:,:
E09000029,Sutton,2015,"1,345","1,250",93,"1,010",75,:,:,:,:,:,:
E09000030,Tower Hamlets,2015,"3,920","3,390",86,"2,640",67,:,:,:,:,:,:
E09000031,Waltham Forest,2015,"2,490","2,325",93,"1,830",73,:,:,:,:,:,:
E09000032,Wandsworth,2015,"3,600","3,320",92,"2,530",70,:,:,:,:,:,:
E09000033,Westminster,2015,"9,060","6,770",75,"5,295",58,:,:,:,:,:,:
E13000001,Inner London,2015,"55,295","45,640",83,"35,675",65,:,:,:,:,:,:
E13000002,Outer London,2015,"45,625","41,600",91,"33,105",73,:,:,:,:,:,:
E12000001,North East,2015,"9,635","8,865",92,"6,895",72,:,:,:,:,:,:
E12000002,North West,2015,"36,495","33,090",91,"25,835",71,:,:,:,:,:,:
E12000003,Yorkshire And The Humber,2015,"25,140","22,810",91,"18,055",72,:,:,:,:,:,:
E12000004,East Midlands,2015,"25,345","23,375",92,"18,855",74,:,:,:,:,:,:
E12000005,West Midlands,2015,"29,350","26,665",91,"21,330",73,:,:,:,:,:,:
E12000006,East,2015,"35,440","32,425",91,"26,050",74,:,:,:,:,:,:
E12000007,London,2015,"100,920","87,240",86,"68,775",68,:,:,:,:,:,:
E12000008,South East,2015,"55,590","50,390",91,"40,585",73,:,:,:,:,:,:
E12000009,South West,2015,"26,150","23,830",91,"19,190",73,:,:,:,:,:,:
E92000001,England,2015,"344,065","308,685",90,"245,570",71,:,:,:,:,:,:
W92000004,Wales,2015,"11,525","10,470",91,"8,190",71,:,:,:,:,:,:
S92000003,Scotland,2015,"21,725","19,565",90,"15,480",71,:,:,:,:,:,:
N92000002,Northern Ireland,2015,"5,440","4,795",88,"3,795",70,:,:,:,:,:,:
K04000001,England And Wales,2015,"355,590","319,155",90,"253,760",71,:,:,:,:,:,:
K03000001,Great Britain,2015,"377,315","338,720",90,"269,245",71,:,:,:,:,:,:
K02000001,United Kingdom,2015,"382,755","343,520",90,"273,040",71,:,:,:,:,:,:
E09000001,City of London,2016,"4,850","3,845",79,:,:,:,:,:,:,:,:
E09000002,Barking and Dagenham,2016,"1,775","1,680",95,:,:,:,:,:,:,:,:
E09000003,Barnet,2016,"4,455","3,805",85,:,:,:,:,:,:,:,:
E09000004,Bexley,2016,"1,640","1,525",93,:,:,:,:,:,:,:,:
E09000005,Brent,2016,"3,020","2,775",92,:,:,:,:,:,:,:,:
E09000006,Bromley,2016,"2,420","2,245",93,:,:,:,:,:,:,:,:
E09000007,Camden,2016,"6,050","5,315",88,:,:,:,:,:,:,:,:
E09000008,Croydon,2016,"2,905","2,680",92,:,:,:,:,:,:,:,:
E09000009,Ealing,2016,"3,590","3,345",93,:,:,:,:,:,:,:,:
E09000010,Enfield,2016,"2,650","2,430",92,:,:,:,:,:,:,:,:
E09000011,Greenwich,2016,"2,225","2,070",93,:,:,:,:,:,:,:,:
E09000012,Hackney,2016,"4,670","4,250",91,:,:,:,:,:,:,:,:
E09000013,Hammersmith and Fulham,2016,"2,350","2,115",90,:,:,:,:,:,:,:,:
E09000014,Haringey,2016,"2,415","2,225",92,:,:,:,:,:,:,:,:
E09000015,Harrow,2016,"2,710","2,460",91,:,:,:,:,:,:,:,:
E09000016,Havering,2016,"1,845","1,725",93,:,:,:,:,:,:,:,:
E09000017,Hillingdon,2016,"2,490","2,310",93,:,:,:,:,:,:,:,:
E09000018,Hounslow,2016,"2,615","2,395",92,:,:,:,:,:,:,:,:
E09000019,Islington,2016,"3,800","3,390",89,:,:,:,:,:,:,:,:
E09000020,Kensington and Chelsea,2016,"2,305","2,060",89,:,:,:,:,:,:,:,:
E09000021,Kingston upon Thames,2016,"1,410","1,295",92,:,:,:,:,:,:,:,:
E09000022,Lambeth,2016,"3,120","2,940",94,:,:,:,:,:,:,:,:
E09000023,Lewisham,2016,"2,095","1,980",95,:,:,:,:,:,:,:,:
E09000024,Merton,2016,"2,160","2,015",93,:,:,:,:,:,:,:,:
E09000025,Newham,2016,"4,045","3,840",95,:,:,:,:,:,:,:,:
E09000026,Redbridge,2016,"3,095","2,855",92,:,:,:,:,:,:,:,:
E09000027,Richmond upon Thames,2016,"2,030","1,870",92,:,:,:,:,:,:,:,:
E09000028,Southwark,2016,"3,655","3,310",91,:,:,:,:,:,:,:,:
E09000029,Sutton,2016,"1,385","1,305",94,:,:,:,:,:,:,:,:
E09000030,Tower Hamlets,2016,"3,905","3,485",89,:,:,:,:,:,:,:,:
E09000031,Waltham Forest,2016,"2,465","2,320",94,:,:,:,:,:,:,:,:
E09000032,Wandsworth,2016,"3,535","3,265",92,:,:,:,:,:,:,:,:
E09000033,Westminster,2016,"8,455","6,595",78,:,:,:,:,:,:,:,:
E13000001,Inner London,2016,"55,250","48,615",88,:,:,:,:,:,:,:,:
E13000002,Outer London,2016,"46,885","43,105",92,:,:,:,:,:,:,:,:
E12000001,North East,2016,"10,180","9,410",92,:,:,:,:,:,:,:,:
E12000002,North West,2016,"42,030","38,545",92,:,:,:,:,:,:,:,:
E12000003,Yorkshire And The Humber,2016,"26,775","24,545",92,:,:,:,:,:,:,:,:
E12000004,East Midlands,2016,"24,630","22,820",93,:,:,:,:,:,:,:,:
E12000005,West Midlands,2016,"34,700","32,040",92,:,:,:,:,:,:,:,:
E12000006,East,2016,"45,400","42,510",94,:,:,:,:,:,:,:,:
E12000007,London,2016,"102,135","91,720",90,:,:,:,:,:,:,:,:
E12000008,South East,2016,"55,955","51,250",92,:,:,:,:,:,:,:,:
E12000009,South West,2016,"31,775","29,250",92,:,:,:,:,:,:,:,:
E92000001,England,2016,"373,580","342,095",92,:,:,:,:,:,:,:,:
W92000004,Wales,2016,"12,115","11,125",92,:,:,:,:,:,:,:,:
S92000003,Scotland,2016,"22,270","20,425",92,:,:,:,:,:,:,:,:
N92000002,Northern Ireland,2016,"5,935","5,250",88,:,:,:,:,:,:,:,:
K04000001,England And Wales,2016,"385,695","353,220",92,:,:,:,:,:,:,:,:
K03000001,Great Britain,2016,"407,965","373,640",92,:,:,:,:,:,:,:,:
K02000001,United Kingdom,2016,"413,900","378,890",92,:,:,:,:,:,:,:,:
